Date,City,Confectionary,Units_Sold,Revenue,Cost,Profit,Year,Month,YearMonth,Profit_Margin,Unit_Price
2002-11-11,London,Biscuit,1118.0,5590.0,2459.6000000000004,3130.3999999999996,2002,11,2002-11-01,0.5599999999999999,5.0
2002-07-05,London,Biscuit,708.0,3540.0,1557.6000000000001,1982.3999999999999,2002,7,2002-07-01,0.5599999999999999,5.0
2001-10-31,London,Biscuit,1269.0,6345.0,2791.8,3553.2,2001,10,2001-10-01,0.5599999999999999,5.0
2004-09-13,London,Biscuit,1631.0,8155.0,3588.2000000000003,4566.799999999999,2004,9,2004-09-01,0.5599999999999999,5.0
2004-03-10,London,Biscuit,2240.0,11200.0,4928.0,6272.0,2004,3,2004-03-01,0.56,5.0
2004-05-29,London,Biscuit,3521.0,17605.0,7746.200000000001,9858.8,2004,5,2004-05-01,0.5599999999999999,5.0
2000-10-30,London,Biscuit,707.0,3535.0,1555.4,1979.6,2000,10,2000-10-01,0.5599999999999999,5.0
2005-04-30,London,Biscuit,2734.0,13670.0,6014.8,7655.2,2005,4,2005-04-01,0.5599999999999999,5.0
2002-03-09,London,Biscuit,1659.0,8295.0,3649.8,4645.2,2002,3,2002-03-01,0.5599999999999999,5.0
2000-08-05,London,Biscuit,888.0,4440.0,1953.6000000000001,2486.3999999999996,2000,8,2000-08-01,0.5599999999999999,5.0
2004-12-04,London,Biscuit Nut,1619.0,6476.0,2428.5,4047.5,2004,12,2004-12-01,0.625,4.0
2003-01-31,London,Biscuit Nut,1445.0,5780.0,2167.5,3612.5,2003,1,2003-01-01,0.625,4.0
2004-07-22,London,Biscuit Nut,743.0,2972.0,1114.5,1857.5,2004,7,2004-07-01,0.625,4.0
2004-01-12,London,Biscuit Nut,1295.0,5180.0,1942.5,3237.5,2004,1,2004-01-01,0.625,4.0
2002-12-08,London,Biscuit Nut,2852.0,11408.0,4278.0,7130.0,2002,12,2002-12-01,0.625,4.0
2002-06-21,London,Biscuit Nut,831.0,3324.0,1246.5,2077.5,2002,6,2002-06-01,0.625,4.0
2002-08-11,London,Biscuit Nut,2844.0,11376.0,4266.0,7110.0,2002,8,2002-08-01,0.625,4.0
2005-08-21,London,Biscuit Nut,1884.0,7536.0,2826.0,4710.0,2005,8,2005-08-01,0.625,4.0
2002-01-18,London,Biscuit Nut,1094.0,4376.0,1641.0,2735.0,2002,1,2002-01-01,0.625,4.0
2003-12-12,London,Biscuit Nut,1937.0,7748.0,2905.5,4842.5,2003,12,2003-12-01,0.625,4.0
2000-08-15,London,Biscuit Nut,2689.0,10756.0,4033.5,6722.5,2000,8,2000-08-01,0.625,4.0
2005-10-27,London,Biscuit Nut,923.0,3692.0,1384.5,2307.5,2005,10,2005-10-01,0.625,4.0
2003-01-06,London,Biscuit Nut,1496.0,5984.0,2244.0,3740.0,2003,1,2003-01-01,0.625,4.0
2001-06-05,London,Biscuit Nut,2300.0,9200.0,3450.0,5750.0,2001,6,2001-06-01,0.625,4.0
2004-03-06,London,Chocolate Chunk,2001.0,6003.0,2501.25,3501.75,2004,3,2004-03-01,0.5833333333333334,3.0
2001-09-16,London,Chocolate Chunk,1817.0,5451.0,2271.25,3179.75,2001,9,2001-09-01,0.5833333333333334,3.0
2004-02-21,London,Chocolate Chunk,1326.0,3978.0,1657.5,2320.5,2004,2,2004-02-01,0.5833333333333334,3.0
2003-07-17,London,Chocolate Chunk,944.0,2832.0,1180.0,1652.0,2003,7,2003-07-01,0.5833333333333334,3.0
2000-04-20,London,Chocolate Chunk,2729.0,8187.0,3411.25,4775.75,2000,4,2000-04-01,0.5833333333333334,3.0
2003-11-20,London,Chocolate Chunk,2844.0,8532.0,3555.0,4977.0,2003,11,2003-11-01,0.5833333333333334,3.0
2002-11-26,London,Chocolate Chunk,1582.0,4746.0,1977.5,2768.5,2002,11,2002-11-01,0.5833333333333334,3.0
2002-05-01,London,Chocolate Chunk,3245.0,9735.0,4056.25,5678.75,2002,5,2002-05-01,0.5833333333333334,3.0
2003-11-10,London,Chocolate Chunk,2134.0,6402.0,2667.5,3734.5,2003,11,2003-11-01,0.5833333333333334,3.0
2005-07-17,London,Chocolate Chunk,2529.0,7587.0,3161.25,4425.75,2005,7,2005-07-01,0.5833333333333334,3.0
2003-07-03,London,Chocolate Chunk,1583.0,4749.0,1978.75,2770.25,2003,7,2003-07-01,0.5833333333333334,3.0
2005-11-17,London,Chocolate Chunk,1565.0,4695.0,1956.25,2738.75,2005,11,2005-11-01,0.5833333333333334,3.0
2005-02-24,London,Chocolate Chunk,1496.0,4488.0,1870.0,2618.0,2005,2,2005-02-01,0.5833333333333334,3.0
2002-05-14,London,Chocolate Chunk,866.0,2598.0,1082.5,1515.5,2002,5,2002-05-01,0.5833333333333334,3.0
2000-06-28,London,Caramel Nut,923.0,5538.0,2538.25,2999.75,2000,6,2000-06-01,0.5416666666666666,6.0
2000-12-10,London,Caramel Nut,2009.0,12054.0,5524.75,6529.25,2000,12,2000-12-01,0.5416666666666666,6.0
2002-10-25,London,Caramel Nut,3851.0,23106.0,10590.25,12515.75,2002,10,2002-10-01,0.5416666666666666,6.0
2004-01-26,London,Caramel Nut,2431.0,14586.0,6685.25,7900.75,2004,1,2004-01-01,0.5416666666666666,6.0
2000-05-25,London,Caramel Nut,952.0,5712.0,2618.0,3094.0,2000,5,2000-05-01,0.5416666666666666,6.0
2001-02-20,London,Caramel Nut,1262.0,7572.0,3470.5,4101.5,2001,2,2001-02-01,0.5416666666666666,6.0
2003-05-02,London,Caramel Nut,1135.0,6810.0,3121.25,3688.75,2003,5,2003-05-01,0.5416666666666666,6.0
2001-07-31,London,Caramel Nut,598.0,3588.0,1644.5,1943.5,2001,7,2001-07-01,0.5416666666666666,6.0
2005-05-28,London,Caramel Nut,3794.0,22764.0,10433.5,12330.5,2005,5,2005-05-01,0.5416666666666666,6.0
2002-05-13,London,Caramel Nut,567.0,3402.0,1559.25,1842.75,2002,5,2002-05-01,0.5416666666666666,6.0
2004-08-16,London,Caramel Nut,1269.0,7614.0,3489.75,4124.25,2004,8,2004-08-01,0.5416666666666666,6.0
2002-02-07,London,Caramel Nut,384.0,2304.0,1056.0,1248.0,2002,2,2002-02-01,0.5416666666666666,6.0
2003-03-14,London,Caramel Nut,1808.0,10848.0,4972.0,5876.0,2003,3,2003-03-01,0.5416666666666666,6.0
2000-07-03,London,Caramel Nut,2632.0,15792.0,7238.0,8554.0,2000,7,2000-07-01,0.5416666666666666,6.0
2000-03-30,Paris,Caramel,3945.0,19725.0,7890.0,11835.0,2000,3,2000-03-01,0.6,5.0
2003-02-22,Paris,Caramel,2296.0,11480.0,4592.0,6888.0,2003,2,2003-02-01,0.6,5.0
2001-11-14,Paris,Caramel,1030.0,5150.0,2060.0,3090.0,2001,11,2001-11-01,0.6,5.0
2005-02-04,Paris,Caramel,787.0,3935.0,1574.0,2361.0,2005,2,2005-02-01,0.6,5.0
2003-05-25,Paris,Caramel,2155.0,10775.0,4310.0,6465.0,2003,5,2003-05-01,0.6,5.0
2002-11-18,Paris,Caramel,918.0,4590.0,1836.0,2754.0,2002,11,2002-11-01,0.6,5.0
2001-11-24,Paris,Caramel,1055.0,5275.0,2110.0,3165.0,2001,11,2001-11-01,0.6,5.0
2004-12-23,Paris,Caramel,2435.0,12175.0,4870.0,7305.0,2004,12,2004-12-01,0.6,5.0
2004-11-13,Paris,Caramel,1901.0,9505.0,3802.0,5703.0,2004,11,2004-11-01,0.6,5.0
2005-12-07,Paris,Caramel,1287.0,6435.0,2574.0,3861.0,2005,12,2005-12-01,0.6,5.0
2004-05-11,Paris,Caramel,2988.0,14940.0,5976.0,8964.0,2004,5,2004-05-01,0.6,5.0
2000-04-08,Paris,Caramel,1303.0,6515.0,2606.0,3909.0,2000,4,2000-04-01,0.6,5.0
2001-12-13,Paris,Caramel,2385.0,11925.0,4770.0,7155.0,2001,12,2001-12-01,0.6,5.0
2001-08-01,Paris,Caramel,2620.0,13100.0,5240.0,7860.0,2001,8,2001-08-01,0.6,5.0
2003-10-23,Paris,Caramel,3801.0,19005.0,7602.0,11403.0,2003,10,2003-10-01,0.6,5.0
2002-02-16,Paris,Caramel,1496.0,7480.0,2992.0,4488.0,2002,2,2002-02-01,0.6,5.0
2003-01-11,Paris,Caramel,448.0,2240.0,896.0,1344.0,2003,1,2003-01-01,0.6,5.0
2002-09-23,Paris,Caramel,2101.0,10505.0,4202.0,6303.0,2002,9,2002-09-01,0.6,5.0
2003-10-06,Paris,Caramel,1535.0,7675.0,3070.0,4605.0,2003,10,2003-10-01,0.6,5.0
2001-02-28,Paris,Caramel,1227.0,6135.0,2454.0,3681.0,2001,2,2001-02-01,0.6,5.0
2000-05-23,Paris,Caramel,1324.0,6620.0,2648.0,3972.0,2000,5,2000-05-01,0.6,5.0
2003-07-26,Paris,Caramel,1954.0,9770.0,3908.0,5862.0,2003,7,2003-07-01,0.6,5.0
2001-02-23,Paris,Caramel,2532.0,12660.0,5064.0,7596.0,2001,2,2001-02-01,0.6,5.0
2000-08-25,Paris,Caramel,2426.0,12130.0,4852.0,7278.0,2000,8,2000-08-01,0.6,5.0
2002-07-21,Paris,Caramel,2441.0,12205.0,4882.0,7323.0,2002,7,2002-07-01,0.6,5.0
2002-05-01,Paris,Caramel,1594.0,7970.0,3188.0,4782.0,2002,5,2002-05-01,0.6,5.0
2002-05-19,Paris,Caramel,2696.0,13480.0,5392.0,8088.0,2002,5,2002-05-01,0.6,5.0
2000-04-02,Paris,Caramel,1393.0,6965.0,2786.0,4179.0,2000,4,2000-04-01,0.6,5.0
2002-05-04,Paris,Caramel,1731.0,8655.0,3462.0,5193.0,2002,5,2002-05-01,0.6,5.0
2002-07-09,Paris,Caramel,293.0,1465.0,586.0,879.0,2002,7,2002-07-01,0.6,5.0
2000-01-16,Paris,Plain,1376.0,1376.0,275.2,1100.8,2000,1,2000-01-01,0.7999999999999999,1.0
2004-03-22,Paris,Plain,1901.0,1901.0,380.20000000000005,1520.8,2004,3,2004-03-01,0.7999999999999999,1.0
2002-10-14,Paris,Plain,544.0,544.0,108.80000000000001,435.2,2002,10,2002-10-01,0.7999999999999999,1.0
2000-09-22,Paris,Plain,1287.0,1287.0,257.40000000000003,1029.6,2000,9,2000-09-01,0.7999999999999999,1.0
2000-05-30,Paris,Plain,1385.0,1385.0,277.0,1108.0,2000,5,2000-05-01,0.8,1.0
2005-06-23,Paris,Plain,2342.0,2342.0,468.40000000000003,1873.6,2005,6,2005-06-01,0.7999999999999999,1.0
2001-05-01,Paris,Plain,1976.0,1976.0,395.20000000000005,1580.8,2001,5,2001-05-01,0.7999999999999999,1.0
2005-10-01,Paris,Plain,2181.0,2181.0,436.20000000000005,1744.8,2005,10,2005-10-01,0.7999999999999999,1.0
2002-10-06,Paris,Plain,2501.0,2501.0,500.20000000000005,2000.8,2002,10,2002-10-01,0.7999999999999999,1.0
2000-03-19,Paris,Plain,1562.0,1562.0,312.40000000000003,1249.6,2000,3,2000-03-01,0.7999999999999999,1.0
2002-09-08,Paris,Plain,1666.0,1666.0,333.20000000000005,1332.8,2002,9,2002-09-01,0.7999999999999999,1.0
2005-04-27,Paris,Plain,2072.0,2072.0,414.40000000000003,1657.6,2005,4,2005-04-01,0.7999999999999999,1.0
2001-08-17,Paris,Plain,1773.0,1773.0,354.6,1418.4,2001,8,2001-08-01,0.8,1.0
2000-07-08,Paris,Plain,293.0,293.0,58.6,234.4,2000,7,2000-07-01,0.8,1.0
2001-11-13,Paris,Biscuit,2750.0,13750.0,6050.000000000001,7699.999999999999,2001,11,2001-11-01,0.5599999999999999,5.0
2002-02-10,Paris,Biscuit,1899.0,9495.0,4177.8,5317.2,2002,2,2002-02-01,0.5599999999999999,5.0
2002-02-16,Paris,Biscuit,941.0,4705.0,2070.2000000000003,2634.7999999999997,2002,2,2002-02-01,0.5599999999999999,5.0
2003-06-03,Paris,Biscuit,1988.0,9940.0,4373.6,5566.4,2003,6,2003-06-01,0.5599999999999999,5.0
2004-11-27,Paris,Biscuit,2876.0,14380.0,6327.200000000001,8052.799999999999,2004,11,2004-11-01,0.5599999999999999,5.0
2003-09-28,Paris,Biscuit,2072.0,10360.0,4558.400000000001,5801.599999999999,2003,9,2003-09-01,0.5599999999999999,5.0
2004-12-17,Paris,Biscuit,853.0,4265.0,1876.6000000000001,2388.3999999999996,2004,12,2004-12-01,0.5599999999999999,5.0
2005-02-05,Paris,Biscuit,1433.0,7165.0,3152.6000000000004,4012.3999999999996,2005,2,2005-02-01,0.5599999999999999,5.0
2001-06-28,Paris,Biscuit,3422.0,17110.0,7528.400000000001,9581.599999999999,2001,6,2001-06-01,0.5599999999999999,5.0
2002-07-07,Paris,Biscuit,1190.0,5950.0,2618.0,3332.0,2002,7,2002-07-01,0.56,5.0
2003-01-17,Paris,Biscuit,2475.0,12375.0,5445.0,6930.0,2003,1,2003-01-01,0.56,5.0
2000-03-28,Paris,Biscuit,1731.0,8655.0,3808.2000000000003,4846.799999999999,2000,3,2000-03-01,0.5599999999999999,5.0
2004-11-21,Paris,Biscuit,2475.0,12375.0,5445.0,6930.0,2004,11,2004-11-01,0.56,5.0
2004-06-25,Paris,Biscuit Nut,2178.0,8712.0,3267.0,5445.0,2004,6,2004-06-01,0.625,4.0
2003-10-14,Paris,Biscuit Nut,2671.0,10684.0,4006.5,6677.5,2003,10,2003-10-01,0.625,4.0
2003-12-16,Paris,Biscuit Nut,2155.0,8620.0,3232.5,5387.5,2003,12,2003-12-01,0.625,4.0
2002-02-03,Paris,Biscuit Nut,4244.0,16976.0,6366.0,10610.0,2002,2,2002-02-01,0.625,4.0
2000-12-08,Paris,Biscuit Nut,1865.0,7460.0,2797.5,4662.5,2000,12,2000-12-01,0.625,4.0
2003-09-27,Paris,Biscuit Nut,1563.0,6252.0,2344.5,3907.5,2003,9,2003-09-01,0.625,4.0
2002-05-01,Paris,Biscuit Nut,2487.0,9948.0,3730.5,6217.5,2002,5,2002-05-01,0.625,4.0
2003-09-15,Paris,Biscuit Nut,448.0,1792.0,672.0,1120.0,2003,9,2003-09-01,0.625,4.0
2005-01-14,Paris,Biscuit Nut,2181.0,8724.0,3271.5,5452.5,2005,1,2005-01-01,0.625,4.0
2005-10-01,Paris,Biscuit Nut,490.0,1960.0,735.0,1225.0,2005,10,2005-10-01,0.625,4.0
2005-03-10,Paris,Biscuit Nut,2441.0,9764.0,3661.5,6102.5,2005,3,2005-03-01,0.625,4.0
2003-09-11,Paris,Biscuit Nut,2522.0,10088.0,3783.0,6305.0,2003,9,2003-09-01,0.625,4.0
2001-01-28,Paris,Biscuit Nut,1790.0,7160.0,2685.0,4475.0,2001,1,2001-01-01,0.625,4.0
2002-02-17,Paris,Biscuit Nut,1174.0,4696.0,1761.0,2935.0,2002,2,2002-02-01,0.625,4.0
2002-08-08,Paris,Chocolate Chunk,2178.0,6534.0,2722.5,3811.5,2002,8,2002-08-01,0.5833333333333334,3.0
2005-04-09,Paris,Chocolate Chunk,2151.0,6453.0,2688.75,3764.25,2005,4,2005-04-01,0.5833333333333334,3.0
2001-04-03,Paris,Chocolate Chunk,787.0,2361.0,983.75,1377.25,2001,4,2001-04-01,0.5833333333333334,3.0
2005-10-04,Paris,Chocolate Chunk,1744.0,5232.0,2180.0,3052.0,2005,10,2005-10-01,0.5833333333333334,3.0
2000-03-19,Paris,Chocolate Chunk,866.0,2598.0,1082.5,1515.5,2000,3,2000-03-01,0.5833333333333334,3.0
2003-01-29,Paris,Chocolate Chunk,2177.0,6531.0,2721.25,3809.75,2003,1,2003-01-01,0.5833333333333334,3.0
2003-02-16,Paris,Chocolate Chunk,2487.0,7461.0,3108.75,4352.25,2003,2,2003-02-01,0.5833333333333334,3.0
2005-04-21,Paris,Chocolate Chunk,1739.0,5217.0,2173.75,3043.25,2005,4,2005-04-01,0.5833333333333334,3.0
2002-09-24,Paris,Chocolate Chunk,959.0,2877.0,1198.75,1678.25,2002,9,2002-09-01,0.5833333333333334,3.0
2005-07-11,Paris,Chocolate Chunk,381.0,1143.0,476.25,666.75,2005,7,2005-07-01,0.5833333333333334,3.0
2003-04-27,Paris,Chocolate Chunk,1227.0,3681.0,1533.75,2147.25,2003,4,2003-04-01,0.5833333333333334,3.0
2004-10-06,Paris,Chocolate Chunk,1734.0,5202.0,2167.5,3034.5,2004,10,2004-10-01,0.5833333333333334,3.0
2000-07-01,Paris,Chocolate Chunk,3875.0,11625.0,4843.75,6781.25,2000,7,2000-07-01,0.5833333333333334,3.0
2005-05-08,Paris,Chocolate Chunk,1491.0,4473.0,1863.75,2609.25,2005,5,2005-05-01,0.5833333333333334,3.0
2001-09-14,Paris,Chocolate Chunk,293.0,879.0,366.25,512.75,2001,9,2001-09-01,0.5833333333333334,3.0
2005-02-03,Paris,Caramel Nut,1804.0,10824.0,4961.0,5863.0,2005,2,2005-02-01,0.5416666666666666,6.0
2003-10-08,Paris,Caramel Nut,639.0,3834.0,1757.25,2076.75,2003,10,2003-10-01,0.5416666666666666,6.0
2003-09-17,Paris,Caramel Nut,3864.0,23184.0,10626.0,12558.0,2003,9,2003-09-01,0.5416666666666666,6.0
2000-06-15,Paris,Caramel Nut,1055.0,6330.0,2901.25,3428.75,2000,6,2000-06-01,0.5416666666666666,6.0
2001-12-12,Paris,Caramel Nut,2177.0,13062.0,5986.75,7075.25,2001,12,2001-12-01,0.5416666666666666,6.0
2003-08-28,Paris,Caramel Nut,1579.0,9474.0,4342.25,5131.75,2003,8,2003-08-01,0.5416666666666666,6.0
2000-09-27,Paris,Caramel Nut,1496.0,8976.0,4114.0,4862.0,2000,9,2000-09-01,0.5416666666666666,6.0
2005-09-12,Paris,Caramel Nut,1659.0,9954.0,4562.25,5391.75,2005,9,2005-09-01,0.5416666666666666,6.0
2003-09-19,Paris,Caramel Nut,1976.0,11856.0,5434.0,6422.0,2003,9,2003-09-01,0.5416666666666666,6.0
2002-10-24,Paris,Caramel Nut,1967.0,11802.0,5409.25,6392.75,2002,10,2002-10-01,0.5416666666666666,6.0
2000-02-20,Paris,Caramel Nut,639.0,3834.0,1757.25,2076.75,2000,2,2000-02-01,0.5416666666666666,6.0
2000-03-09,Paris,Caramel Nut,853.0,5118.0,2345.75,2772.25,2000,3,2000-03-01,0.5416666666666666,6.0
2005-09-19,Paris,Caramel Nut,3998.0,23988.0,10994.5,12993.5,2005,9,2005-09-01,0.5416666666666666,6.0
2005-03-28,Paris,Caramel Nut,1190.0,7140.0,3272.5,3867.5,2005,3,2005-03-01,0.5416666666666666,6.0
2004-08-16,Paris,Caramel Nut,2826.0,16956.0,7771.5,9184.5,2004,8,2004-08-01,0.5416666666666666,6.0
2004-03-31,Paris,Caramel Nut,663.0,3978.0,1823.25,2154.75,2004,3,2004-03-01,0.5416666666666666,6.0
2001-03-01,Bonn,Caramel,1006.0,5030.0,2012.0,3018.0,2001,3,2001-03-01,0.6,5.0
2003-12-17,Bonn,Caramel,367.0,1835.0,734.0,1101.0,2003,12,2003-12-01,0.6,5.0
2001-09-03,Bonn,Caramel,1513.0,7565.0,3026.0,4539.0,2001,9,2001-09-01,0.6,5.0
2000-05-15,Bonn,Caramel,747.0,3735.0,1494.0,2241.0,2000,5,2000-05-01,0.6,5.0
2002-02-13,Bonn,Caramel,1728.0,8640.0,3456.0,5184.0,2002,2,2002-02-01,0.6,5.0
2002-02-08,Bonn,Caramel,689.0,3445.0,1378.0,2067.0,2002,2,2002-02-01,0.6,5.0
2000-01-02,Bonn,Caramel,1570.0,7850.0,3140.0,4710.0,2000,1,2000-01-01,0.6,5.0
2000-07-20,Bonn,Caramel,1706.0,8530.0,3412.0,5118.0,2000,7,2000-07-01,0.6,5.0
2001-10-24,Bonn,Caramel,795.0,3975.0,1590.0,2385.0,2001,10,2001-10-01,0.6,5.0
2000-08-18,Bonn,Caramel,1415.0,7075.0,2830.0,4245.0,2000,8,2000-08-01,0.6,5.0
2000-04-12,Bonn,Caramel,1372.0,6860.0,2744.0,4116.0,2000,4,2000-04-01,0.6,5.0
2004-07-03,Bonn,Caramel,1743.0,8715.0,3486.0,5229.0,2004,7,2004-07-01,0.6,5.0
2004-02-29,Bonn,Caramel,3513.0,17565.0,7026.0,10539.0,2004,2,2004-02-01,0.6,5.0
2001-02-21,Bonn,Caramel,1259.0,6295.0,2518.0,3777.0,2001,2,2001-02-01,0.6,5.0
2003-01-06,Bonn,Caramel,1366.0,6830.0,2732.0,4098.0,2003,1,2003-01-01,0.6,5.0
2001-11-22,Bonn,Caramel,1598.0,7990.0,3196.0,4794.0,2001,11,2001-11-01,0.6,5.0
2004-08-07,Bonn,Caramel,1934.0,9670.0,3868.0,5802.0,2004,8,2004-08-01,0.6,5.0
2000-11-27,Bonn,Caramel,360.0,1800.0,720.0,1080.0,2000,11,2000-11-01,0.6,5.0
2002-08-27,Bonn,Caramel,241.0,1205.0,482.0,723.0,2002,8,2002-08-01,0.6,5.0
2005-03-26,Bonn,Caramel,1359.0,6795.0,2718.0,4077.0,2005,3,2005-03-01,0.6,5.0
2004-08-30,Bonn,Caramel,1531.0,7655.0,3062.0,4593.0,2004,8,2004-08-01,0.6,5.0
2002-01-03,Bonn,Caramel,807.0,4035.0,1614.0,2421.0,2002,1,2002-01-01,0.6,5.0
2001-06-16,Bonn,Caramel,2708.0,13540.0,5416.0,8124.0,2001,6,2001-06-01,0.6,5.0
2003-06-19,Bonn,Caramel,357.0,1785.0,714.0,1071.0,2003,6,2003-06-01,0.6,5.0
2000-12-10,Bonn,Caramel,1013.0,5065.0,2026.0,3039.0,2000,12,2000-12-01,0.6,5.0
2003-06-03,Bonn,Caramel,278.0,1390.0,556.0,834.0,2003,6,2003-06-01,0.6,5.0
2002-11-12,Bonn,Caramel,1158.0,5790.0,2316.0,3474.0,2002,11,2002-11-01,0.6,5.0
2002-09-09,Bonn,Caramel,1085.0,5425.0,2170.0,3255.0,2002,9,2002-09-01,0.6,5.0
2001-01-17,Bonn,Caramel,1175.0,5875.0,2350.0,3525.0,2001,1,2001-01-01,0.6,5.0
2003-03-26,Bonn,Plain,921.0,921.0,184.20000000000002,736.8,2003,3,2003-03-01,0.7999999999999999,1.0
2002-08-10,Bonn,Plain,1545.0,1545.0,309.0,1236.0,2002,8,2002-08-01,0.8,1.0
2002-02-11,Bonn,Plain,2146.0,2146.0,429.20000000000005,1716.8,2002,2,2002-02-01,0.7999999999999999,1.0
2004-11-23,Bonn,Plain,1958.0,1958.0,391.6,1566.4,2004,11,2004-11-01,0.8,1.0
2003-06-21,Bonn,Plain,1706.0,1706.0,341.20000000000005,1364.8,2003,6,2003-06-01,0.7999999999999999,1.0
2004-11-14,Bonn,Plain,1859.0,1859.0,371.8,1487.2,2004,11,2004-11-01,0.8,1.0
2001-04-30,Bonn,Plain,2021.0,2021.0,404.20000000000005,1616.8,2001,4,2001-04-01,0.7999999999999999,1.0
2004-12-27,Bonn,Plain,2342.0,2342.0,468.40000000000003,1873.6,2004,12,2004-12-01,0.7999999999999999,1.0
2004-11-05,Bonn,Plain,1460.0,1460.0,292.0,1168.0,2004,11,2004-11-01,0.8,1.0
2002-04-28,Bonn,Plain,645.0,645.0,129.0,516.0,2002,4,2002-04-01,0.8,1.0
2001-11-21,Bonn,Plain,711.0,711.0,142.20000000000002,568.8,2001,11,2001-11-01,0.7999999999999999,1.0
2004-08-30,Bonn,Plain,1199.0,1199.0,239.8,959.2,2004,8,2004-08-01,0.8,1.0
2000-12-12,Bonn,Biscuit,4220.0,21100.0,9284.0,11816.0,2000,12,2000-12-01,0.56,5.0
2000-10-04,Bonn,Biscuit,1686.0,8430.0,3709.2000000000003,4720.799999999999,2000,10,2000-10-01,0.5599999999999999,5.0
2005-09-02,Bonn,Biscuit,259.0,1295.0,569.8000000000001,725.1999999999999,2005,9,2005-09-01,0.5599999999999999,5.0
2002-01-24,Bonn,Biscuit,2276.0,11380.0,5007.200000000001,6372.799999999999,2002,1,2002-01-01,0.5599999999999999,5.0
2000-08-13,Bonn,Biscuit,1907.0,9535.0,4195.400000000001,5339.599999999999,2000,8,2000-08-01,0.5599999999999999,5.0
2002-08-17,Bonn,Biscuit,1350.0,6750.0,2970.0000000000005,3779.9999999999995,2002,8,2002-08-01,0.5599999999999999,5.0
2003-01-04,Bonn,Biscuit,1250.0,6250.0,2750.0,3500.0,2003,1,2003-01-01,0.56,5.0
2000-03-27,Bonn,Biscuit,1366.0,6830.0,3005.2000000000003,3824.7999999999997,2000,3,2000-03-01,0.5599999999999999,5.0
2000-11-16,Bonn,Biscuit,1520.0,7600.0,3344.0000000000005,4256.0,2000,11,2000-11-01,0.56,5.0
2000-09-18,Bonn,Biscuit,711.0,3555.0,1564.2,1990.8,2000,9,2000-09-01,0.5599999999999999,5.0
2005-02-02,Bonn,Biscuit,2574.0,12870.0,5662.8,7207.2,2005,2,2005-02-01,0.5599999999999999,5.0
2000-06-02,Bonn,Biscuit,472.0,2360.0,1038.4,1321.6,2000,6,2000-06-01,0.5599999999999999,5.0
2000-02-24,Bonn,Biscuit,3165.0,15825.0,6963.000000000001,8862.0,2000,2,2000-02-01,0.56,5.0
2003-12-30,Bonn,Biscuit Nut,1321.0,5284.0,1981.5,3302.5,2003,12,2003-12-01,0.625,4.0
2001-06-28,Bonn,Biscuit Nut,888.0,3552.0,1332.0,2220.0,2001,6,2001-06-01,0.625,4.0
2001-04-13,Bonn,Biscuit Nut,1513.0,6052.0,2269.5,3782.5,2001,4,2001-04-01,0.625,4.0
2004-05-18,Bonn,Biscuit Nut,2580.0,10320.0,3870.0,6450.0,2004,5,2004-05-01,0.625,4.0
2001-03-17,Bonn,Biscuit Nut,689.0,2756.0,1033.5,1722.5,2001,3,2001-03-01,0.625,4.0
2004-06-01,Bonn,Biscuit Nut,2021.0,8084.0,3031.5,5052.5,2004,6,2004-06-01,0.625,4.0
2000-12-04,Bonn,Biscuit Nut,1116.0,4464.0,1674.0,2790.0,2000,12,2000-12-01,0.625,4.0
2002-02-06,Bonn,Biscuit Nut,663.0,2652.0,994.5,1657.5,2002,2,2002-02-01,0.625,4.0
2001-03-02,Bonn,Biscuit Nut,1580.0,6320.0,2370.0,3950.0,2001,3,2001-03-01,0.625,4.0
2000-09-30,Bonn,Biscuit Nut,792.0,3168.0,1188.0,1980.0,2000,9,2000-09-01,0.625,4.0
2000-05-08,Bonn,Biscuit Nut,2811.0,11244.0,4216.5,7027.5,2000,5,2000-05-01,0.625,4.0
2001-10-15,Bonn,Biscuit Nut,1513.0,6052.0,2269.5,3782.5,2001,10,2001-10-01,0.625,4.0
2003-10-25,Bonn,Biscuit Nut,2767.0,11068.0,4150.5,6917.5,2003,10,2003-10-01,0.625,4.0
2005-09-09,Bonn,Biscuit Nut,1085.0,4340.0,1627.5,2712.5,2005,9,2005-09-01,0.625,4.0
2002-07-20,Bonn,Chocolate Chunk,2838.0,8514.0,3547.5,4966.5,2002,7,2002-07-01,0.5833333333333334,3.0
2000-03-02,Bonn,Chocolate Chunk,888.0,2664.0,1110.0,1554.0,2000,3,2000-03-01,0.5833333333333334,3.0
2004-06-04,Bonn,Chocolate Chunk,263.0,789.0,328.75,460.25,2004,6,2004-06-01,0.5833333333333334,3.0
2005-11-24,Bonn,Chocolate Chunk,986.0,2958.0,1232.5,1725.5,2005,11,2005-11-01,0.5833333333333334,3.0
2004-04-29,Bonn,Chocolate Chunk,2877.0,8631.0,3596.25,5034.75,2004,4,2004-04-01,0.5833333333333334,3.0
2003-06-14,Bonn,Chocolate Chunk,1570.0,4710.0,1962.5,2747.5,2003,6,2003-06-01,0.5833333333333334,3.0
2000-03-16,Bonn,Chocolate Chunk,2479.0,7437.0,3098.75,4338.25,2000,3,2000-03-01,0.5833333333333334,3.0
2001-10-01,Bonn,Chocolate Chunk,2338.0,7014.0,2922.5,4091.5,2001,10,2001-10-01,0.5833333333333334,3.0
2003-08-01,Bonn,Chocolate Chunk,422.0,1266.0,527.5,738.5,2003,8,2003-08-01,0.5833333333333334,3.0
2000-11-14,Bonn,Chocolate Chunk,2659.0,7977.0,3323.75,4653.25,2000,11,2000-11-01,0.5833333333333334,3.0
2002-02-08,Bonn,Chocolate Chunk,880.0,2640.0,1100.0,1540.0,2002,2,2002-02-01,0.5833333333333334,3.0
2000-10-25,Bonn,Chocolate Chunk,360.0,1080.0,450.0,630.0,2000,10,2000-10-01,0.5833333333333334,3.0
2001-03-11,Bonn,Chocolate Chunk,1531.0,4593.0,1913.75,2679.25,2001,3,2001-03-01,0.5833333333333334,3.0
2000-10-14,Bonn,Chocolate Chunk,280.0,840.0,350.0,490.0,2000,10,2000-10-01,0.5833333333333334,3.0
2004-04-29,Bonn,Chocolate Chunk,492.0,1476.0,615.0,861.0,2004,4,2004-04-01,0.5833333333333334,3.0
2000-10-29,Bonn,Chocolate Chunk,1175.0,3525.0,1468.75,2056.25,2000,10,2000-10-01,0.5833333333333334,3.0
2003-10-02,Bonn,Chocolate Chunk,552.0,1656.0,690.0,966.0,2003,10,2003-10-01,0.5833333333333334,3.0
2005-12-16,Bonn,Caramel Nut,2161.0,12966.0,5942.75,7023.25,2005,12,2005-12-01,0.5416666666666666,6.0
2005-08-12,Bonn,Caramel Nut,1006.0,6036.0,2766.5,3269.5,2005,8,2005-08-01,0.5416666666666666,6.0
2003-02-01,Bonn,Caramel Nut,1545.0,9270.0,4248.75,5021.25,2003,2,2003-02-01,0.5416666666666666,6.0
2001-01-17,Bonn,Caramel Nut,2877.0,17262.0,7911.75,9350.25,2001,1,2001-01-01,0.5416666666666666,6.0
2000-07-16,Bonn,Caramel Nut,807.0,4842.0,2219.25,2622.75,2000,7,2000-07-01,0.5416666666666666,6.0
2001-07-02,Bonn,Caramel Nut,1250.0,7500.0,3437.5,4062.5,2001,7,2001-07-01,0.5416666666666666,6.0
2004-05-17,Bonn,Caramel Nut,1530.0,9180.0,4207.5,4972.5,2004,5,2004-05-01,0.5416666666666666,6.0
2001-06-01,Bonn,Caramel Nut,1001.0,6006.0,2752.75,3253.25,2001,6,2001-06-01,0.5416666666666666,6.0
2003-02-01,Bonn,Caramel Nut,2087.0,12522.0,5739.25,6782.75,2003,2,2003-02-01,0.5416666666666666,6.0
2001-02-27,Bonn,Caramel Nut,2338.0,14028.0,6429.5,7598.5,2001,2,2001-02-01,0.5416666666666666,6.0
2002-09-22,Bonn,Caramel Nut,1307.0,7842.0,3594.25,4247.75,2002,9,2002-09-01,0.5416666666666666,6.0
2003-01-23,Bonn,Caramel Nut,681.0,4086.0,1872.75,2213.25,2003,1,2003-01-01,0.5416666666666666,6.0
2000-09-21,Bonn,Caramel Nut,510.0,3060.0,1402.5,1657.5,2000,9,2000-09-01,0.5416666666666666,6.0
2000-12-01,Bonn,Caramel Nut,241.0,1446.0,662.75,783.25,2000,12,2000-12-01,0.5416666666666666,6.0
2003-08-23,Bonn,Caramel Nut,2665.0,15990.0,7328.75,8661.25,2003,8,2003-08-01,0.5416666666666666,6.0
2000-10-03,Bonn,Caramel Nut,472.0,2832.0,1298.0,1534.0,2000,10,2000-10-01,0.5416666666666666,6.0
2000-09-26,Bonn,Caramel Nut,1013.0,6078.0,2785.75,3292.25,2000,9,2000-09-01,0.5416666666666666,6.0
2004-01-19,Seville,Caramel,974.0,4870.0,1948.0,2922.0,2004,1,2004-01-01,0.6,5.0
2002-12-24,Seville,Caramel,883.0,4415.0,1766.0,2649.0,2002,12,2002-12-01,0.6,5.0
2000-04-16,Seville,Caramel,2472.0,12360.0,4944.0,7416.0,2000,4,2000-04-01,0.6,5.0
2003-02-03,Seville,Caramel,1823.0,9115.0,3646.0,5469.0,2003,2,2003-02-01,0.6,5.0
2001-03-06,Seville,Caramel,662.0,3310.0,1324.0,1986.0,2001,3,2001-03-01,0.6,5.0
2004-08-20,Seville,Caramel,1084.0,5420.0,2168.0,3252.0,2004,8,2004-08-01,0.6,5.0
2003-03-29,Seville,Caramel,2031.0,10155.0,4062.0,6093.0,2003,3,2003-03-01,0.6,5.0
2001-11-05,Seville,Caramel,1138.0,5690.0,2276.0,3414.0,2001,11,2001-11-01,0.6,5.0
2001-08-28,Seville,Caramel,2689.0,13445.0,5378.0,8067.0,2001,8,2001-08-01,0.6,5.0
2002-09-25,Seville,Caramel,1607.0,8035.0,3214.0,4821.0,2002,9,2002-09-01,0.6,5.0
2003-04-10,Seville,Caramel,1114.0,5570.0,2228.0,3342.0,2003,4,2003-04-01,0.6,5.0
2005-02-20,Seville,Caramel,2460.0,12300.0,4920.0,7380.0,2005,2,2005-02-01,0.6,5.0
2005-08-07,Seville,Caramel,2993.0,14965.0,5986.0,8979.0,2005,8,2005-08-01,0.6,5.0
2005-03-11,Seville,Caramel,1362.0,6810.0,2724.0,4086.0,2005,3,2005-03-01,0.6,5.0
2005-11-18,Seville,Caramel,2565.0,12825.0,5130.0,7695.0,2005,11,2005-11-01,0.6,5.0
2001-03-20,Seville,Caramel,2417.0,12085.0,4834.0,7251.0,2001,3,2001-03-01,0.6,5.0
2004-09-13,Seville,Caramel,1038.0,5190.0,2076.0,3114.0,2004,9,2004-09-01,0.6,5.0
2001-11-04,Seville,Caramel,591.0,2955.0,1182.0,1773.0,2001,11,2001-11-01,0.6,5.0
2001-06-04,Seville,Caramel,1122.0,5610.0,2244.0,3366.0,2001,6,2001-06-01,0.6,5.0
2004-12-15,Seville,Caramel,1984.0,9920.0,3968.0,5952.0,2004,12,2004-12-01,0.6,5.0
2001-07-06,Seville,Caramel,886.0,4430.0,1772.0,2658.0,2001,7,2001-07-01,0.6,5.0
2004-12-16,Seville,Caramel,2156.0,10780.0,4312.0,6468.0,2004,12,2004-12-01,0.6,5.0
2004-06-21,Seville,Caramel,905.0,4525.0,1810.0,2715.0,2004,6,2004-06-01,0.6,5.0
2002-03-14,Seville,Caramel,2150.0,10750.0,4300.0,6450.0,2002,3,2002-03-01,0.6,5.0
2000-02-12,Seville,Caramel,1197.0,5985.0,2394.0,3591.0,2000,2,2000-02-01,0.6,5.0
2004-02-01,Seville,Caramel,1233.0,6165.0,2466.0,3699.0,2004,2,2004-02-01,0.6,5.0
2002-07-30,Seville,Caramel,571.0,2855.0,1142.0,1713.0,2002,7,2002-07-01,0.6,5.0
2002-11-11,Seville,Caramel,260.0,1300.0,520.0,780.0,2002,11,2002-11-01,0.6,5.0
2002-02-13,Seville,Caramel,2535.0,12675.0,5070.0,7605.0,2002,2,2002-02-01,0.6,5.0
2004-04-08,Seville,Caramel,2851.0,14255.0,5702.0,8553.0,2004,4,2004-04-01,0.6,5.0
2004-12-05,Seville,Plain,2470.0,2470.0,494.0,1976.0,2004,12,2004-12-01,0.8,1.0
2004-05-25,Seville,Plain,958.0,958.0,191.60000000000002,766.4,2004,5,2004-05-01,0.7999999999999999,1.0
2000-09-17,Seville,Plain,2214.0,2214.0,442.8,1771.2,2000,9,2000-09-01,0.8,1.0
2003-06-29,Seville,Plain,690.0,690.0,138.0,552.0,2003,6,2003-06-01,0.8,1.0
2000-10-10,Seville,Plain,2031.0,2031.0,406.20000000000005,1624.8,2000,10,2000-10-01,0.7999999999999999,1.0
2003-01-12,Seville,Plain,1138.0,1138.0,227.60000000000002,910.4,2003,1,2003-01-01,0.7999999999999999,1.0
2000-10-12,Seville,Plain,980.0,980.0,196.0,784.0,2000,10,2000-10-01,0.8,1.0
2002-12-11,Seville,Plain,2340.0,2340.0,468.0,1872.0,2002,12,2002-12-01,0.8,1.0
2002-07-15,Seville,Plain,2157.0,2157.0,431.40000000000003,1725.6,2002,7,2002-07-01,0.7999999999999999,1.0
2004-08-09,Seville,Plain,2420.0,2420.0,484.0,1936.0,2004,8,2004-08-01,0.8,1.0
2004-03-17,Seville,Plain,2661.0,2661.0,532.2,2128.8,2004,3,2004-03-01,0.8,1.0
2000-05-12,Seville,Plain,604.0,604.0,120.80000000000001,483.2,2000,5,2000-05-01,0.7999999999999999,1.0
2004-07-31,Seville,Plain,2255.0,2255.0,451.0,1804.0,2004,7,2004-07-01,0.8,1.0
2002-05-19,Seville,Plain,546.0,546.0,109.2,436.8,2002,5,2002-05-01,0.8,1.0
2003-09-16,Seville,Plain,1368.0,1368.0,273.6,1094.4,2003,9,2003-09-01,0.8,1.0
2000-01-06,Seville,Biscuit,1101.0,5505.0,2422.2000000000003,3082.7999999999997,2000,1,2000-01-01,0.5599999999999999,5.0
2003-03-19,Seville,Biscuit,1865.0,9325.0,4103.0,5222.0,2003,3,2003-03-01,0.56,5.0
2003-02-05,Seville,Biscuit,1074.0,5370.0,2362.8,3007.2,2003,2,2003-02-01,0.5599999999999999,5.0
2001-02-08,Seville,Biscuit,1683.0,8415.0,3702.6000000000004,4712.4,2001,2,2001-02-01,0.5599999999999999,5.0
2002-06-21,Seville,Biscuit,1123.0,5615.0,2470.6000000000004,3144.3999999999996,2002,6,2002-06-01,0.5599999999999999,5.0
2002-04-11,Seville,Biscuit,1679.0,8395.0,3693.8,4701.2,2002,4,2002-04-01,0.5599999999999999,5.0
2001-04-22,Seville,Biscuit,2460.0,12300.0,5412.0,6888.0,2001,4,2001-04-01,0.56,5.0
2005-03-15,Seville,Biscuit,635.0,3175.0,1397.0,1778.0,2005,3,2005-03-01,0.56,5.0
2002-01-13,Seville,Biscuit,1694.0,8470.0,3726.8,4743.2,2002,1,2002-01-01,0.5599999999999999,5.0
2004-02-09,Seville,Biscuit,1038.0,5190.0,2283.6000000000004,2906.3999999999996,2004,2,2004-02-01,0.5599999999999999,5.0
2000-06-03,Seville,Biscuit,2039.0,10195.0,4485.8,5709.2,2000,6,2000-06-01,0.5599999999999999,5.0
2005-08-29,Seville,Biscuit,2629.0,13145.0,5783.8,7361.2,2005,8,2005-08-01,0.5599999999999999,5.0
2005-05-16,Seville,Biscuit,2157.0,10785.0,4745.400000000001,6039.599999999999,2005,5,2005-05-01,0.5599999999999999,5.0
2001-12-06,Seville,Biscuit,410.0,2050.0,902.0000000000001,1148.0,2001,12,2001-12-01,0.56,5.0
2001-09-03,Seville,Biscuit,546.0,2730.0,1201.2,1528.8,2001,9,2001-09-01,0.5599999999999999,5.0
2003-05-29,Seville,Biscuit Nut,2470.0,9880.0,3705.0,6175.0,2003,5,2003-05-01,0.625,4.0
2004-07-04,Seville,Biscuit Nut,1210.0,4840.0,1815.0,3025.0,2004,7,2004-07-01,0.625,4.0
2002-06-01,Seville,Biscuit Nut,1397.0,5588.0,2095.5,3492.5,2002,6,2002-06-01,0.625,4.0
2004-07-23,Seville,Biscuit Nut,2791.0,11164.0,4186.5,6977.5,2004,7,2004-07-01,0.625,4.0
2004-08-23,Seville,Biscuit Nut,562.0,2248.0,843.0,1405.0,2004,8,2004-08-01,0.625,4.0
2000-05-04,Seville,Biscuit Nut,727.0,2908.0,1090.5,1817.5,2000,5,2000-05-01,0.625,4.0
2002-06-11,Seville,Biscuit Nut,1540.0,6160.0,2310.0,3850.0,2002,6,2002-06-01,0.625,4.0
2003-07-12,Seville,Biscuit Nut,1362.0,5448.0,2043.0,3405.0,2003,7,2003-07-01,0.625,4.0
2004-12-02,Seville,Biscuit Nut,521.0,2084.0,781.5,1302.5,2004,12,2004-12-01,0.625,4.0
2000-07-09,Seville,Biscuit Nut,886.0,3544.0,1329.0,2215.0,2000,7,2000-07-01,0.625,4.0
2000-03-28,Seville,Biscuit Nut,2156.0,8624.0,3234.0,5390.0,2000,3,2000-03-01,0.625,4.0
2000-04-28,Seville,Biscuit Nut,2579.0,10316.0,3868.5,6447.5,2000,4,2000-04-01,0.625,4.0
2003-07-31,Seville,Biscuit Nut,801.0,3204.0,1201.5,2002.5,2003,7,2003-07-01,0.625,4.0
2004-11-01,Seville,Chocolate Chunk,1397.0,4191.0,1746.25,2444.75,2004,11,2004-11-01,0.5833333333333334,3.0
2000-05-04,Seville,Chocolate Chunk,662.0,1986.0,827.5,1158.5,2000,5,2000-05-01,0.5833333333333334,3.0
2003-10-05,Seville,Chocolate Chunk,1642.0,4926.0,2052.5,2873.5,2003,10,2003-10-01,0.5833333333333334,3.0
2001-07-05,Seville,Chocolate Chunk,2689.0,8067.0,3361.25,4705.75,2001,7,2001-07-01,0.5833333333333334,3.0
2001-12-15,Seville,Chocolate Chunk,1498.0,4494.0,1872.5,2621.5,2001,12,2001-12-01,0.5833333333333334,3.0
2004-05-24,Seville,Chocolate Chunk,2747.0,8241.0,3433.75,4807.25,2004,5,2004-05-01,0.5833333333333334,3.0
2000-12-06,Seville,Chocolate Chunk,877.0,2631.0,1096.25,1534.75,2000,12,2000-12-01,0.5833333333333334,3.0
2003-05-13,Seville,Chocolate Chunk,521.0,1563.0,651.25,911.75,2003,5,2003-05-01,0.5833333333333334,3.0
2002-04-26,Seville,Chocolate Chunk,341.0,1023.0,426.25,596.75,2002,4,2002-04-01,0.5833333333333334,3.0
2004-10-21,Seville,Chocolate Chunk,641.0,1923.0,801.25,1121.75,2004,10,2004-10-01,0.5833333333333334,3.0
2000-03-25,Seville,Chocolate Chunk,432.0,1296.0,540.0,756.0,2000,3,2000-03-01,0.5833333333333334,3.0
2002-10-11,Seville,Chocolate Chunk,554.0,1662.0,692.5,969.5,2002,10,2002-10-01,0.5833333333333334,3.0
2002-12-30,Seville,Chocolate Chunk,1233.0,3699.0,1541.25,2157.75,2002,12,2002-12-01,0.5833333333333334,3.0
2001-11-15,Seville,Chocolate Chunk,2903.0,8709.0,3628.75,5080.25,2001,11,2001-11-01,0.5833333333333334,3.0
2001-01-23,Seville,Caramel Nut,1493.0,8958.0,4105.75,4852.25,2001,1,2001-01-01,0.5416666666666666,6.0
2004-08-06,Seville,Caramel Nut,362.0,2172.0,995.5,1176.5,2004,8,2004-08-01,0.5416666666666666,6.0
2000-07-12,Seville,Caramel Nut,1084.0,6504.0,2981.0,3523.0,2000,7,2000-07-01,0.5416666666666666,6.0
2005-10-08,Seville,Caramel Nut,2861.0,17166.0,7867.75,9298.25,2005,10,2005-10-01,0.5416666666666666,6.0
2002-12-23,Seville,Caramel Nut,1498.0,8988.0,4119.5,4868.5,2002,12,2002-12-01,0.5416666666666666,6.0
2001-03-11,Seville,Caramel Nut,1333.0,7998.0,3665.75,4332.25,2001,3,2001-03-01,0.5416666666666666,6.0
2004-04-04,Seville,Caramel Nut,609.0,3654.0,1674.75,1979.25,2004,4,2004-04-01,0.5416666666666666,6.0
2002-12-11,Seville,Caramel Nut,635.0,3810.0,1746.25,2063.75,2002,12,2002-12-01,0.5416666666666666,6.0
2000-02-04,Seville,Caramel Nut,245.0,1470.0,673.75,796.25,2000,2,2000-02-01,0.5416666666666666,6.0
2001-01-29,Seville,Caramel Nut,2110.0,12660.0,5802.5,6857.5,2001,1,2001-01-01,0.5416666666666666,6.0
2005-02-15,Seville,Caramel Nut,2628.0,15768.0,7227.0,8541.0,2005,2,2005-02-01,0.5416666666666666,6.0
2004-09-27,Seville,Caramel Nut,1395.0,8370.0,3836.25,4533.75,2004,9,2004-09-01,0.5416666666666666,6.0
2000-05-04,Seville,Caramel Nut,905.0,5430.0,2488.75,2941.25,2000,5,2000-05-01,0.5416666666666666,6.0
2003-11-27,Seville,Caramel Nut,604.0,3624.0,1661.0,1963.0,2003,11,2003-11-01,0.5416666666666666,6.0
2004-03-30,Seville,Caramel Nut,410.0,2460.0,1127.5,1332.5,2004,3,2004-03-01,0.5416666666666666,6.0
2002-07-02,Seville,Caramel Nut,1575.0,9450.0,4331.25,5118.75,2002,7,2002-07-01,0.5416666666666666,6.0
2005-11-29,Seville,Caramel Nut,500.0,3000.0,1375.0,1625.0,2005,11,2005-11-01,0.5416666666666666,6.0
2005-11-09,Napoli,Caramel,1143.0,5715.0,2286.0,3429.0,2005,11,2005-11-01,0.6,5.0
2000-06-16,Napoli,Caramel,1514.0,7570.0,3028.0,4542.0,2000,6,2000-06-01,0.6,5.0
2001-03-06,Napoli,Caramel,4493.0,22465.0,8986.0,13479.0,2001,3,2001-03-01,0.6,5.0
2002-07-03,Napoli,Caramel,727.0,3635.0,1454.0,2181.0,2002,7,2002-07-01,0.6,5.0
2005-12-01,Napoli,Caramel,2905.0,14525.0,5810.0,8715.0,2005,12,2005-12-01,0.6,5.0
2005-09-14,Napoli,Caramel,1142.0,5710.0,2284.0,3426.0,2005,9,2005-09-01,0.6,5.0
2004-10-17,Napoli,Caramel,1370.0,6850.0,2740.0,4110.0,2004,10,2004-10-01,0.6,5.0
2000-03-28,Napoli,Caramel,2918.0,14590.0,5836.0,8754.0,2000,3,2000-03-01,0.6,5.0
2003-11-07,Napoli,Caramel,3450.0,17250.0,6900.0,10350.0,2003,11,2003-11-01,0.6,5.0
2001-03-05,Napoli,Caramel,1056.0,5280.0,2112.0,3168.0,2001,3,2001-03-01,0.6,5.0
2005-11-27,Napoli,Caramel,274.0,1370.0,548.0,822.0,2005,11,2005-11-01,0.6,5.0
2003-12-13,Napoli,Caramel,2992.0,14960.0,5984.0,8976.0,2003,12,2003-12-01,0.6,5.0
2001-11-18,Napoli,Caramel,2327.0,11635.0,4654.0,6981.0,2001,11,2001-11-01,0.6,5.0
2005-11-05,Napoli,Caramel,991.0,4955.0,1982.0,2973.0,2005,11,2005-11-01,0.6,5.0
2001-08-06,Napoli,Caramel,602.0,3010.0,1204.0,1806.0,2001,8,2001-08-01,0.6,5.0
2005-09-19,Napoli,Caramel,861.0,4305.0,1722.0,2583.0,2005,9,2005-09-01,0.6,5.0
2002-11-16,Napoli,Caramel,2663.0,13315.0,5326.0,7989.0,2002,11,2002-11-01,0.6,5.0
2003-09-28,Napoli,Caramel,2198.0,10990.0,4396.0,6594.0,2003,9,2003-09-01,0.6,5.0
2001-12-28,Napoli,Caramel,1153.0,5765.0,2306.0,3459.0,2001,12,2001-12-01,0.6,5.0
2003-01-16,Napoli,Caramel,678.0,3390.0,1356.0,2034.0,2003,1,2003-01-01,0.6,5.0
2000-02-19,Napoli,Caramel,3675.0,18375.0,7350.0,11025.0,2000,2,2000-02-01,0.6,5.0
2002-10-24,Napoli,Caramel,2797.0,13985.0,5594.0,8391.0,2002,10,2002-10-01,0.6,5.0
2003-04-29,Napoli,Caramel,973.0,4865.0,1946.0,2919.0,2003,4,2003-04-01,0.6,5.0
2001-07-25,Napoli,Caramel,3495.0,17475.0,6990.0,10485.0,2001,7,2001-07-01,0.6,5.0
2005-11-15,Napoli,Caramel,1439.0,7195.0,2878.0,4317.0,2005,11,2005-11-01,0.6,5.0
2001-07-06,Napoli,Caramel,2641.0,13205.0,5282.0,7923.0,2001,7,2001-07-01,0.6,5.0
2000-11-25,Napoli,Caramel,1767.0,8835.0,3534.0,5301.0,2000,11,2000-11-01,0.6,5.0
2001-05-12,Napoli,Caramel,2914.0,14570.0,5828.0,8742.0,2001,5,2001-05-01,0.6,5.0
2004-02-29,Napoli,Caramel,1177.0,5885.0,2354.0,3531.0,2004,2,2004-02-01,0.6,5.0
2004-01-04,Napoli,Caramel,914.0,4570.0,1828.0,2742.0,2004,1,2004-01-01,0.6,5.0
2001-06-22,Napoli,Plain,615.0,615.0,123.0,492.0,2001,6,2001-06-01,0.8,1.0
2003-03-26,Napoli,Plain,2301.0,2301.0,460.20000000000005,1840.8,2003,3,2003-03-01,0.7999999999999999,1.0
2002-05-17,Napoli,Plain,1142.0,1142.0,228.4,913.6,2002,5,2002-05-01,0.8,1.0
2003-10-06,Napoli,Plain,1566.0,1566.0,313.20000000000005,1252.8,2003,10,2003-10-01,0.7999999999999999,1.0
2005-08-26,Napoli,Plain,3627.0,3627.0,725.4000000000001,2901.6,2005,8,2005-08-01,0.7999999999999999,1.0
2003-04-07,Napoli,Plain,2723.0,2723.0,544.6,2178.4,2003,4,2003-04-01,0.8,1.0
2005-08-31,Napoli,Plain,1282.0,1282.0,256.40000000000003,1025.6,2005,8,2005-08-01,0.7999999999999999,1.0
2003-06-19,Napoli,Plain,2797.0,2797.0,559.4,2237.6,2003,6,2003-06-01,0.7999999999999999,1.0
2004-07-03,Napoli,Plain,2328.0,2328.0,465.6,1862.4,2004,7,2004-07-01,0.8,1.0
2004-06-22,Napoli,Plain,2313.0,2313.0,462.6,1850.4,2004,6,2004-06-01,0.8,1.0
2000-02-23,Napoli,Plain,677.0,677.0,135.4,541.6,2000,2,2000-02-01,0.8,1.0
2004-01-27,Napoli,Plain,1298.0,1298.0,259.6,1038.4,2004,1,2004-01-01,0.8,1.0
2000-01-22,Napoli,Biscuit,1953.0,9765.0,4296.6,5468.4,2000,1,2000-01-01,0.5599999999999999,5.0
2005-07-14,Napoli,Biscuit,2141.0,10705.0,4710.200000000001,5994.799999999999,2005,7,2005-07-01,0.5599999999999999,5.0
2004-01-18,Napoli,Biscuit,1143.0,5715.0,2514.6000000000004,3200.3999999999996,2004,1,2004-01-01,0.5599999999999999,5.0
2002-07-10,Napoli,Biscuit,615.0,3075.0,1353.0,1722.0,2002,7,2002-07-01,0.56,5.0
2003-04-30,Napoli,Biscuit,1236.0,6180.0,2719.2000000000003,3460.7999999999997,2003,4,2003-04-01,0.5599999999999999,5.0
2001-01-31,Napoli,Biscuit,1372.0,6860.0,3018.4,3841.6,2001,1,2001-01-01,0.5599999999999999,5.0
2001-11-29,Napoli,Biscuit,1282.0,6410.0,2820.4,3589.6,2001,11,2001-11-01,0.5599999999999999,5.0
2000-10-07,Napoli,Biscuit,2907.0,14535.0,6395.400000000001,8139.599999999999,2000,10,2000-10-01,0.5599999999999999,5.0
2005-11-22,Napoli,Biscuit,2071.0,10355.0,4556.200000000001,5798.799999999999,2005,11,2005-11-01,0.5599999999999999,5.0
2002-06-27,Napoli,Biscuit,579.0,2895.0,1273.8000000000002,1621.1999999999998,2002,6,2002-06-01,0.5599999999999999,5.0
2000-10-27,Napoli,Biscuit,2993.0,14965.0,6584.6,8380.4,2000,10,2000-10-01,0.5599999999999999,5.0
2003-10-29,Napoli,Biscuit,3200.0,16000.0,7040.000000000001,8960.0,2003,10,2003-10-01,0.56,5.0
2004-11-11,Napoli,Biscuit,270.0,1350.0,594.0,756.0,2004,11,2004-11-01,0.56,5.0
2003-02-07,Napoli,Biscuit,2844.0,14220.0,6256.8,7963.2,2003,2,2003-02-01,0.5599999999999999,5.0
2002-02-16,Napoli,Biscuit,2914.0,14570.0,6410.8,8159.2,2002,2,2002-02-01,0.5599999999999999,5.0
2001-10-12,Napoli,Biscuit Nut,1858.0,7432.0,2787.0,4645.0,2001,10,2001-10-01,0.625,4.0
2000-08-26,Napoli,Biscuit Nut,2529.0,10116.0,3793.5,6322.5,2000,8,2000-08-01,0.625,4.0
2000-01-11,Napoli,Biscuit Nut,1947.0,7788.0,2920.5,4867.5,2000,1,2000-01-01,0.625,4.0
2004-11-08,Napoli,Biscuit Nut,274.0,1096.0,411.0,685.0,2004,11,2004-11-01,0.625,4.0
2002-12-11,Napoli,Biscuit Nut,991.0,3964.0,1486.5,2477.5,2002,12,2002-12-01,0.625,4.0
2002-12-10,Napoli,Biscuit Nut,570.0,2280.0,855.0,1425.0,2002,12,2002-12-01,0.625,4.0
2004-01-01,Napoli,Biscuit Nut,1118.0,4472.0,1677.0,2795.0,2004,1,2004-01-01,0.625,4.0
2004-10-22,Napoli,Biscuit Nut,2030.0,8120.0,3045.0,5075.0,2004,10,2004-10-01,0.625,4.0
2004-02-23,Napoli,Biscuit Nut,1761.0,7044.0,2641.5,4402.5,2004,2,2004-02-01,0.625,4.0
2004-02-12,Napoli,Biscuit Nut,3446.0,13784.0,5169.0,8615.0,2004,2,2004-02-01,0.625,4.0
2004-12-07,Napoli,Biscuit Nut,2567.0,10268.0,3850.5,6417.5,2004,12,2004-12-01,0.625,4.0
2000-08-05,Napoli,Biscuit Nut,1743.0,6972.0,2614.5,4357.5,2000,8,2000-08-01,0.625,4.0
2001-08-02,Napoli,Biscuit Nut,1010.0,4040.0,1515.0,2525.0,2001,8,2001-08-01,0.625,4.0
2004-04-13,Napoli,Chocolate Chunk,727.0,2181.0,908.75,1272.25,2004,4,2004-04-01,0.5833333333333334,3.0
2001-12-03,Napoli,Chocolate Chunk,2844.0,8532.0,3555.0,4977.0,2001,12,2001-12-01,0.5833333333333334,3.0
2003-11-10,Napoli,Chocolate Chunk,2663.0,7989.0,3328.75,4660.25,2003,11,2003-11-01,0.5833333333333334,3.0
2004-08-11,Napoli,Chocolate Chunk,570.0,1710.0,712.5,997.5,2004,8,2004-08-01,0.5833333333333334,3.0
2005-06-06,Napoli,Chocolate Chunk,1153.0,3459.0,1441.25,2017.75,2005,6,2005-06-01,0.5833333333333334,3.0
2001-05-01,Napoli,Chocolate Chunk,437.0,1311.0,546.25,764.75,2001,5,2001-05-01,0.5833333333333334,3.0
2002-04-28,Napoli,Chocolate Chunk,1956.0,5868.0,2445.0,3423.0,2002,4,2002-04-01,0.5833333333333334,3.0
2005-03-29,Napoli,Chocolate Chunk,1352.0,4056.0,1690.0,2366.0,2005,3,2005-03-01,0.5833333333333334,3.0
2004-12-17,Napoli,Chocolate Chunk,1867.0,5601.0,2333.75,3267.25,2004,12,2004-12-01,0.5833333333333334,3.0
2005-02-04,Napoli,Chocolate Chunk,2807.0,8421.0,3508.75,4912.25,2005,2,2005-02-01,0.5833333333333334,3.0
2005-03-04,Napoli,Chocolate Chunk,1579.0,4737.0,1973.75,2763.25,2005,3,2005-03-01,0.5833333333333334,3.0
2000-11-15,Napoli,Chocolate Chunk,986.0,2958.0,1232.5,1725.5,2000,11,2000-11-01,0.5833333333333334,3.0
2004-11-06,Napoli,Chocolate Chunk,2387.0,7161.0,2983.75,4177.25,2004,11,2004-11-01,0.5833333333333334,3.0
2001-03-28,Napoli,Chocolate Chunk,2567.0,7701.0,3208.75,4492.25,2001,3,2001-03-01,0.5833333333333334,3.0
2001-01-10,Napoli,Chocolate Chunk,2541.0,7623.0,3176.25,4446.75,2001,1,2001-01-01,0.5833333333333334,3.0
2003-08-06,Napoli,Chocolate Chunk,1010.0,3030.0,1262.5,1767.5,2003,8,2003-08-01,0.5833333333333334,3.0
2002-07-07,Napoli,Chocolate Chunk,1806.0,5418.0,2257.5,3160.5,2002,7,2002-07-01,0.5833333333333334,3.0
2002-08-28,Napoli,Caramel Nut,2821.0,16926.0,7757.75,9168.25,2002,8,2002-08-01,0.5416666666666666,6.0
2005-04-13,Napoli,Caramel Nut,1566.0,9396.0,4306.5,5089.5,2005,4,2005-04-01,0.5416666666666666,6.0
2001-04-14,Napoli,Caramel Nut,1465.0,8790.0,4028.75,4761.25,2001,4,2001-04-01,0.5416666666666666,6.0
2002-01-06,Napoli,Caramel Nut,555.0,3330.0,1526.25,1803.75,2002,1,2002-01-01,0.5416666666666666,6.0
2005-08-19,Napoli,Caramel Nut,602.0,3612.0,1655.5,1956.5,2005,8,2005-08-01,0.5416666666666666,6.0
2001-01-17,Napoli,Caramel Nut,2832.0,16992.0,7788.0,9204.0,2001,1,2001-01-01,0.5416666666666666,6.0
2004-01-08,Napoli,Caramel Nut,861.0,5166.0,2367.75,2798.25,2004,1,2004-01-01,0.5416666666666666,6.0
2001-01-06,Napoli,Caramel Nut,547.0,3282.0,1504.25,1777.75,2001,1,2001-01-01,0.5416666666666666,6.0
2003-05-21,Napoli,Caramel Nut,1372.0,8232.0,3773.0,4459.0,2003,5,2003-05-01,0.5416666666666666,6.0
2002-01-13,Napoli,Caramel Nut,2907.0,17442.0,7994.25,9447.75,2002,1,2002-01-01,0.5416666666666666,6.0
2004-04-25,Napoli,Caramel Nut,790.0,4740.0,2172.5,2567.5,2004,4,2004-04-01,0.5416666666666666,6.0
2005-02-07,Napoli,Caramel Nut,1596.0,9576.0,4389.0,5187.0,2005,2,2005-02-01,0.5416666666666666,6.0
2005-09-02,Napoli,Caramel Nut,986.0,5916.0,2711.5,3204.5,2005,9,2005-09-01,0.5416666666666666,6.0
2001-09-10,Napoli,Caramel Nut,606.0,3636.0,1666.5,1969.5,2001,9,2001-09-01,0.5416666666666666,6.0
2004-09-03,Napoli,Caramel Nut,2460.0,14760.0,6765.0,7995.0,2004,9,2004-09-01,0.5416666666666666,6.0
2003-04-11,Napoli,Caramel Nut,914.0,5484.0,2513.5,2970.5,2003,4,2003-04-01,0.5416666666666666,6.0
2000-04-06,London,Caramel,292.0,1460.0,584.0,876.0,2000,4,2000-04-01,0.6,5.0
2004-10-13,London,Caramel,2518.0,12590.0,5036.0,7554.0,2004,10,2004-10-01,0.6,5.0
2003-01-20,London,Caramel,1817.0,9085.0,3634.0,5451.0,2003,1,2003-01-01,0.6,5.0
2000-10-19,London,Caramel,2363.0,11815.0,4726.0,7089.0,2000,10,2000-10-01,0.6,5.0
2003-12-03,London,Caramel,1295.0,6475.0,2590.0,3885.0,2003,12,2003-12-01,0.6,5.0
2002-03-19,London,Caramel,1916.0,9580.0,3832.0,5748.0,2002,3,2002-03-01,0.6,5.0
2000-05-03,London,Caramel,2852.0,14260.0,5704.0,8556.0,2000,5,2000-05-01,0.6,5.0
2004-08-28,London,Caramel,2729.0,13645.0,5458.0,8187.0,2004,8,2004-08-01,0.6,5.0
2003-06-28,London,Caramel,1774.0,8870.0,3548.0,5322.0,2003,6,2003-06-01,0.6,5.0
2002-11-16,London,Caramel,2009.0,10045.0,4018.0,6027.0,2002,11,2002-11-01,0.6,5.0
2005-09-07,London,Caramel,4251.0,21255.0,8502.0,12753.0,2005,9,2005-09-01,0.6,5.0
2002-01-14,London,Caramel,218.0,1090.0,436.0,654.0,2002,1,2002-01-01,0.6,5.0
2002-04-12,London,Caramel,2074.0,10370.0,4148.0,6222.0,2002,4,2002-04-01,0.6,5.0
2004-04-21,London,Caramel,2431.0,12155.0,4862.0,7293.0,2004,4,2004-04-01,0.6,5.0
2000-03-01,London,Caramel,1702.0,8510.0,3404.0,5106.0,2000,3,2000-03-01,0.6,5.0
2000-01-22,London,Caramel,257.0,1285.0,514.0,771.0,2000,1,2000-01-01,0.6,5.0
2003-08-26,London,Caramel,1094.0,5470.0,2188.0,3282.0,2003,8,2003-08-01,0.6,5.0
2005-09-19,London,Caramel,873.0,4365.0,1746.0,2619.0,2005,9,2005-09-01,0.6,5.0
2000-04-19,London,Caramel,2105.0,10525.0,4210.0,6315.0,2000,4,2000-04-01,0.6,5.0
2001-03-05,London,Caramel,4026.0,20130.0,8052.0,12078.0,2001,3,2001-03-01,0.6,5.0
2002-10-01,London,Caramel,2394.0,11970.0,4788.0,7182.0,2002,10,2002-10-01,0.6,5.0
2004-02-17,London,Caramel,1366.0,6830.0,2732.0,4098.0,2004,2,2004-02-01,0.6,5.0
2003-08-07,London,Caramel,2632.0,13160.0,5264.0,7896.0,2003,8,2003-08-01,0.6,5.0
2002-12-15,London,Caramel,1583.0,7915.0,3166.0,4749.0,2002,12,2002-12-01,0.6,5.0
2004-03-31,London,Caramel,1565.0,7825.0,3130.0,4695.0,2004,3,2004-03-01,0.6,5.0
2001-01-06,London,Caramel,1249.0,6245.0,2498.0,3747.0,2001,1,2001-01-01,0.6,5.0
2002-05-10,London,Caramel,2428.0,12140.0,4856.0,7284.0,2002,5,2002-05-01,0.6,5.0
2001-10-05,London,Caramel,700.0,3500.0,1400.0,2100.0,2001,10,2001-10-01,0.6,5.0
2001-03-09,London,Caramel,1614.0,8070.0,3228.0,4842.0,2001,3,2001-03-01,0.6,5.0
2003-07-08,London,Caramel,2559.0,12795.0,5118.0,7677.0,2003,7,2003-07-01,0.6,5.0
2000-03-24,London,Caramel,723.0,3615.0,1446.0,2169.0,2000,3,2000-03-01,0.6,5.0
2000-03-18,London,Caramel,2518.0,2518.0,503.6,2014.4,2000,3,2000-03-01,0.8,1.0
2003-08-03,London,Caramel,2666.0,2666.0,533.2,2132.8,2003,8,2003-08-01,0.8,1.0
2002-05-30,London,Caramel,1830.0,1830.0,366.0,1464.0,2002,5,2002-05-01,0.8,1.0
2005-05-11,London,Caramel,1967.0,1967.0,393.40000000000003,1573.6,2005,5,2005-05-01,0.7999999999999999,1.0
2003-03-18,London,Caramel,488.0,488.0,97.60000000000001,390.4,2003,3,2003-03-01,0.7999999999999999,1.0
2002-10-25,London,Caramel,708.0,708.0,141.6,566.4,2002,10,2002-10-01,0.7999999999999999,1.0
2000-09-07,London,Caramel,3803.0,3803.0,760.6,3042.4,2000,9,2000-09-01,0.8,1.0
2001-10-16,London,Caramel,2321.0,2321.0,464.20000000000005,1856.8,2001,10,2001-10-01,0.7999999999999999,1.0
2000-03-01,London,Caramel,2734.0,2734.0,546.8000000000001,2187.2,2000,3,2000-03-01,0.7999999999999999,1.0
2000-11-25,London,Caramel,1249.0,1249.0,249.8,999.2,2000,11,2000-11-01,0.8,1.0
2005-02-21,London,Caramel,2228.0,2228.0,445.6,1782.4,2005,2,2005-02-01,0.8,1.0
2005-04-29,London,Caramel,200.0,200.0,40.0,160.0,2005,4,2005-04-01,0.8,1.0
2003-03-14,London,Caramel,388.0,388.0,77.60000000000001,310.4,2003,3,2003-03-01,0.7999999999999999,1.0
2001-04-09,London,Caramel,2300.0,2300.0,460.0,1840.0,2001,4,2001-04-01,0.8,1.0
2002-06-20,London,Caramel,1916.0,9580.0,4215.200000000001,5364.799999999999,2002,6,2002-06-01,0.5599999999999999,5.0
2003-08-06,London,Caramel,552.0,2760.0,1214.4,1545.6,2003,8,2003-08-01,0.5599999999999999,5.0
2001-07-01,London,Caramel,1135.0,5675.0,2497.0,3178.0,2001,7,2001-07-01,0.56,5.0
2005-03-10,London,Caramel,1645.0,8225.0,3619.0000000000005,4606.0,2005,3,2005-03-01,0.56,5.0
2000-01-17,London,Caramel,1118.0,5590.0,2459.6000000000004,3130.3999999999996,2000,1,2000-01-01,0.5599999999999999,5.0
2002-10-23,London,Caramel,708.0,3540.0,1557.6000000000001,1982.3999999999999,2002,10,2002-10-01,0.5599999999999999,5.0
2002-05-26,London,Caramel,1269.0,6345.0,2791.8,3553.2,2002,5,2002-05-01,0.5599999999999999,5.0
2003-11-18,London,Caramel,1631.0,8155.0,3588.2000000000003,4566.799999999999,2003,11,2003-11-01,0.5599999999999999,5.0
2003-09-25,London,Caramel,2240.0,11200.0,4928.0,6272.0,2003,9,2003-09-01,0.56,5.0
2003-07-17,London,Caramel,3521.0,17605.0,7746.200000000001,9858.8,2003,7,2003-07-01,0.5599999999999999,5.0
2000-09-27,London,Caramel,2734.0,13670.0,6014.8,7655.2,2000,9,2000-09-01,0.5599999999999999,5.0
2000-04-06,London,Caramel,1659.0,8295.0,3649.8,4645.2,2000,4,2000-04-01,0.5599999999999999,5.0
2003-01-09,London,Caramel,888.0,4440.0,1953.6000000000001,2486.3999999999996,2003,1,2003-01-01,0.5599999999999999,5.0
2002-06-26,London,Caramel,1619.0,6476.0,2428.5,4047.5,2002,6,2002-06-01,0.625,4.0
2002-11-26,London,Caramel,1445.0,5780.0,2167.5,3612.5,2002,11,2002-11-01,0.625,4.0
2005-11-19,London,Caramel,743.0,2972.0,1114.5,1857.5,2005,11,2005-11-01,0.625,4.0
2000-05-26,London,Caramel,1295.0,5180.0,1942.5,3237.5,2000,5,2000-05-01,0.625,4.0
2004-06-10,London,Caramel,2852.0,11408.0,4278.0,7130.0,2004,6,2004-06-01,0.625,4.0
2002-02-05,London,Caramel,831.0,3324.0,1246.5,2077.5,2002,2,2002-02-01,0.625,4.0
2003-09-30,London,Caramel,2844.0,11376.0,4266.0,7110.0,2003,9,2003-09-01,0.625,4.0
2002-03-02,London,Caramel,1884.0,7536.0,2826.0,4710.0,2002,3,2002-03-01,0.625,4.0
2003-11-28,London,Caramel,1094.0,4376.0,1641.0,2735.0,2003,11,2003-11-01,0.625,4.0
2001-06-03,London,Caramel,819.0,3276.0,1228.5,2047.5,2001,6,2001-06-01,0.625,4.0
2002-05-24,London,Caramel,1937.0,7748.0,2905.5,4842.5,2002,5,2002-05-01,0.625,4.0
2001-04-03,London,Caramel,2689.0,10756.0,4033.5,6722.5,2001,4,2001-04-01,0.625,4.0
2000-08-10,London,Caramel,923.0,3692.0,1384.5,2307.5,2000,8,2000-08-01,0.625,4.0
2004-01-24,London,Caramel,1496.0,5984.0,2244.0,3740.0,2004,1,2004-01-01,0.625,4.0
2003-01-19,London,Caramel,2300.0,9200.0,3450.0,5750.0,2003,1,2003-01-01,0.625,4.0
2003-03-12,London,Caramel,2001.0,6003.0,2501.25,3501.75,2003,3,2003-03-01,0.5833333333333334,3.0
2001-07-04,London,Caramel,1817.0,5451.0,2271.25,3179.75,2001,7,2001-07-01,0.5833333333333334,3.0
2000-04-30,London,Caramel,1326.0,3978.0,1657.5,2320.5,2000,4,2000-04-01,0.5833333333333334,3.0
2000-07-09,London,Caramel,944.0,2832.0,1180.0,1652.0,2000,7,2000-07-01,0.5833333333333334,3.0
2000-11-15,London,Caramel,2729.0,8187.0,3411.25,4775.75,2000,11,2000-11-01,0.5833333333333334,3.0
2004-10-11,London,Caramel,1874.0,5622.0,2342.5,3279.5,2004,10,2004-10-01,0.5833333333333334,3.0
2004-02-08,London,Caramel,2844.0,8532.0,3555.0,4977.0,2004,2,2004-02-01,0.5833333333333334,3.0
2000-03-10,London,Caramel,1582.0,4746.0,1977.5,2768.5,2000,3,2000-03-01,0.5833333333333334,3.0
2004-10-26,London,Caramel,3245.0,9735.0,4056.25,5678.75,2004,10,2004-10-01,0.5833333333333334,3.0
2005-06-04,London,Caramel,2134.0,6402.0,2667.5,3734.5,2005,6,2005-06-01,0.5833333333333334,3.0
2004-01-21,London,Caramel,2529.0,7587.0,3161.25,4425.75,2004,1,2004-01-01,0.5833333333333334,3.0
2000-05-10,London,Caramel,2109.0,6327.0,2636.25,3690.75,2000,5,2000-05-01,0.5833333333333334,3.0
2005-02-17,London,Caramel,1583.0,4749.0,1978.75,2770.25,2005,2,2005-02-01,0.5833333333333334,3.0
2003-05-27,London,Caramel,1565.0,4695.0,1956.25,2738.75,2003,5,2003-05-01,0.5833333333333334,3.0
2000-05-03,London,Caramel,1496.0,4488.0,1870.0,2618.0,2000,5,2000-05-01,0.5833333333333334,3.0
2003-07-01,London,Caramel,866.0,2598.0,1082.5,1515.5,2003,7,2003-07-01,0.5833333333333334,3.0
2000-05-23,London,Caramel,2009.0,12054.0,5524.75,6529.25,2000,5,2000-05-01,0.5416666666666666,6.0
2002-05-16,London,Caramel,3851.0,23106.0,10590.25,12515.75,2002,5,2002-05-01,0.5416666666666666,6.0
2005-08-09,London,Caramel,2431.0,14586.0,6685.25,7900.75,2005,8,2005-08-01,0.5416666666666666,6.0
2000-04-22,London,Caramel,952.0,5712.0,2618.0,3094.0,2000,4,2000-04-01,0.5416666666666666,6.0
2001-01-13,London,Caramel,1262.0,7572.0,3470.5,4101.5,2001,1,2001-01-01,0.5416666666666666,6.0
2005-03-28,London,Caramel,1135.0,6810.0,3121.25,3688.75,2005,3,2005-03-01,0.5416666666666666,6.0
2000-05-13,London,Caramel,1582.0,9492.0,4350.5,5141.5,2000,5,2000-05-01,0.5416666666666666,6.0
2002-04-27,London,Caramel,598.0,3588.0,1644.5,1943.5,2002,4,2002-04-01,0.5416666666666666,6.0
2004-07-21,London,Caramel,3794.0,22764.0,10433.5,12330.5,2004,7,2004-07-01,0.5416666666666666,6.0
2004-02-16,London,Caramel,567.0,3402.0,1559.25,1842.75,2004,2,2004-02-01,0.5416666666666666,6.0
2001-07-01,London,Caramel,1269.0,7614.0,3489.75,4124.25,2001,7,2001-07-01,0.5416666666666666,6.0
2001-12-01,London,Caramel,384.0,2304.0,1056.0,1248.0,2001,12,2001-12-01,0.5416666666666666,6.0
2002-10-27,London,Caramel,1808.0,10848.0,4972.0,5876.0,2002,10,2002-10-01,0.5416666666666666,6.0
2002-03-27,London,Caramel,2632.0,15792.0,7238.0,8554.0,2002,3,2002-03-01,0.5416666666666666,6.0
2001-08-08,Paris,Caramel,3945.0,19725.0,7890.0,11835.0,2001,8,2001-08-01,0.6,5.0
2004-07-03,Paris,Caramel,2296.0,11480.0,4592.0,6888.0,2004,7,2004-07-01,0.6,5.0
2000-12-14,Paris,Caramel,1030.0,5150.0,2060.0,3090.0,2000,12,2000-12-01,0.6,5.0
2005-04-14,Paris,Caramel,787.0,3935.0,1574.0,2361.0,2005,4,2005-04-01,0.6,5.0
2004-09-06,Paris,Caramel,2155.0,10775.0,4310.0,6465.0,2004,9,2004-09-01,0.6,5.0
2001-03-02,Paris,Caramel,918.0,4590.0,1836.0,2754.0,2001,3,2001-03-01,0.6,5.0
2001-11-23,Paris,Caramel,1055.0,5275.0,2110.0,3165.0,2001,11,2001-11-01,0.6,5.0
2000-05-15,Paris,Caramel,2435.0,12175.0,4870.0,7305.0,2000,5,2000-05-01,0.6,5.0
2000-01-07,Paris,Caramel,1901.0,9505.0,3802.0,5703.0,2000,1,2000-01-01,0.6,5.0
2003-08-07,Paris,Caramel,1287.0,6435.0,2574.0,3861.0,2003,8,2003-08-01,0.6,5.0
2004-11-08,Paris,Caramel,2988.0,14940.0,5976.0,8964.0,2004,11,2004-11-01,0.6,5.0
2003-01-21,Paris,Caramel,1303.0,6515.0,2606.0,3909.0,2003,1,2003-01-01,0.6,5.0
2000-10-30,Paris,Caramel,2385.0,11925.0,4770.0,7155.0,2000,10,2000-10-01,0.6,5.0
2000-11-29,Paris,Caramel,2620.0,13100.0,5240.0,7860.0,2000,11,2000-11-01,0.6,5.0
2004-11-05,Paris,Caramel,3801.0,19005.0,7602.0,11403.0,2004,11,2004-11-01,0.6,5.0
2001-01-27,Paris,Caramel,1496.0,7480.0,2992.0,4488.0,2001,1,2001-01-01,0.6,5.0
2003-10-25,Paris,Caramel,448.0,2240.0,896.0,1344.0,2003,10,2003-10-01,0.6,5.0
2001-02-26,Paris,Caramel,2101.0,10505.0,4202.0,6303.0,2001,2,2001-02-01,0.6,5.0
2001-11-18,Paris,Caramel,1535.0,7675.0,3070.0,4605.0,2001,11,2001-11-01,0.6,5.0
2005-03-28,Paris,Caramel,1227.0,6135.0,2454.0,3681.0,2005,3,2005-03-01,0.6,5.0
2004-01-03,Paris,Caramel,1324.0,6620.0,2648.0,3972.0,2004,1,2004-01-01,0.6,5.0
2000-12-01,Paris,Caramel,1954.0,9770.0,3908.0,5862.0,2000,12,2000-12-01,0.6,5.0
2005-09-13,Paris,Caramel,2532.0,12660.0,5064.0,7596.0,2005,9,2005-09-01,0.6,5.0
2002-04-25,Paris,Caramel,2426.0,12130.0,4852.0,7278.0,2002,4,2002-04-01,0.6,5.0
2002-04-02,Paris,Caramel,2441.0,12205.0,4882.0,7323.0,2002,4,2002-04-01,0.6,5.0
2000-10-18,Paris,Caramel,1594.0,7970.0,3188.0,4782.0,2000,10,2000-10-01,0.6,5.0
2003-03-28,Paris,Caramel,2696.0,13480.0,5392.0,8088.0,2003,3,2003-03-01,0.6,5.0
2000-03-31,Paris,Caramel,1393.0,6965.0,2786.0,4179.0,2000,3,2000-03-01,0.6,5.0
2003-01-08,Paris,Caramel,1731.0,8655.0,3462.0,5193.0,2003,1,2003-01-01,0.6,5.0
2004-02-29,Paris,Caramel,293.0,1465.0,586.0,879.0,2004,2,2004-02-01,0.6,5.0
2004-07-24,Paris,Plain,1899.0,1899.0,379.8,1519.2,2004,7,2004-07-01,0.8,1.0
2002-03-11,Paris,Plain,1376.0,1376.0,275.2,1100.8,2002,3,2002-03-01,0.7999999999999999,1.0
2005-08-09,Paris,Plain,1901.0,1901.0,380.20000000000005,1520.8,2005,8,2005-08-01,0.7999999999999999,1.0
2004-09-03,Paris,Plain,544.0,544.0,108.80000000000001,435.2,2004,9,2004-09-01,0.7999999999999999,1.0
2000-09-14,Paris,Plain,1287.0,1287.0,257.40000000000003,1029.6,2000,9,2000-09-01,0.7999999999999999,1.0
2001-07-21,Paris,Plain,1385.0,1385.0,277.0,1108.0,2001,7,2001-07-01,0.8,1.0
2001-07-28,Paris,Plain,2342.0,2342.0,468.40000000000003,1873.6,2001,7,2001-07-01,0.7999999999999999,1.0
2001-04-16,Paris,Plain,1976.0,1976.0,395.20000000000005,1580.8,2001,4,2001-04-01,0.7999999999999999,1.0
2005-01-02,Paris,Plain,2181.0,2181.0,436.20000000000005,1744.8,2005,1,2005-01-01,0.7999999999999999,1.0
2003-12-12,Paris,Plain,2501.0,2501.0,500.20000000000005,2000.8,2003,12,2003-12-01,0.7999999999999999,1.0
2003-12-18,Paris,Plain,1562.0,1562.0,312.40000000000003,1249.6,2003,12,2003-12-01,0.7999999999999999,1.0
2002-08-19,Paris,Plain,1666.0,1666.0,333.20000000000005,1332.8,2002,8,2002-08-01,0.7999999999999999,1.0
2002-10-07,Paris,Plain,2072.0,2072.0,414.40000000000003,1657.6,2002,10,2002-10-01,0.7999999999999999,1.0
2002-10-28,Paris,Plain,1773.0,1773.0,354.6,1418.4,2002,10,2002-10-01,0.8,1.0
2002-02-12,Paris,Plain,293.0,293.0,58.6,234.4,2002,2,2002-02-01,0.8,1.0
2000-05-16,Paris,Biscuit,2750.0,13750.0,6050.000000000001,7699.999999999999,2000,5,2000-05-01,0.5599999999999999,5.0
2005-11-17,Paris,Biscuit,1899.0,9495.0,4177.8,5317.2,2005,11,2005-11-01,0.5599999999999999,5.0
2000-09-18,Paris,Biscuit,1988.0,9940.0,4373.6,5566.4,2000,9,2000-09-01,0.5599999999999999,5.0
2004-04-27,Paris,Biscuit,2876.0,14380.0,6327.200000000001,8052.799999999999,2004,4,2004-04-01,0.5599999999999999,5.0
2002-11-19,Paris,Biscuit,2072.0,10360.0,4558.400000000001,5801.599999999999,2002,11,2002-11-01,0.5599999999999999,5.0
2003-06-07,Paris,Biscuit,853.0,4265.0,1876.6000000000001,2388.3999999999996,2003,6,2003-06-01,0.5599999999999999,5.0
2002-03-04,Paris,Biscuit,1433.0,7165.0,3152.6000000000004,4012.3999999999996,2002,3,2002-03-01,0.5599999999999999,5.0
2005-08-23,Paris,Biscuit,3422.0,17110.0,7528.400000000001,9581.599999999999,2005,8,2005-08-01,0.5599999999999999,5.0
2005-07-29,Paris,Biscuit,1190.0,5950.0,2618.0,3332.0,2005,7,2005-07-01,0.56,5.0
2005-08-24,Paris,Biscuit,1393.0,6965.0,3064.6000000000004,3900.3999999999996,2005,8,2005-08-01,0.5599999999999999,5.0
2002-12-01,Paris,Biscuit,2475.0,12375.0,5445.0,6930.0,2002,12,2002-12-01,0.56,5.0
2002-07-13,Paris,Biscuit,1731.0,8655.0,3808.2000000000003,4846.799999999999,2002,7,2002-07-01,0.5599999999999999,5.0
2002-12-03,Paris,Biscuit,2475.0,12375.0,5445.0,6930.0,2002,12,2002-12-01,0.56,5.0
2002-06-23,Paris,Biscuit Nut,2178.0,8712.0,3267.0,5445.0,2002,6,2002-06-01,0.625,4.0
2001-08-07,Paris,Biscuit Nut,2671.0,10684.0,4006.5,6677.5,2001,8,2001-08-01,0.625,4.0
2004-08-25,Paris,Biscuit Nut,2155.0,8620.0,3232.5,5387.5,2004,8,2004-08-01,0.625,4.0
2002-02-20,Paris,Biscuit Nut,4244.0,16976.0,6366.0,10610.0,2002,2,2002-02-01,0.625,4.0
2004-11-06,Paris,Biscuit Nut,1865.0,7460.0,2797.5,4662.5,2004,11,2004-11-01,0.625,4.0
2002-04-26,Paris,Biscuit Nut,1563.0,6252.0,2344.5,3907.5,2002,4,2002-04-01,0.625,4.0
2003-12-20,Paris,Biscuit Nut,2487.0,9948.0,3730.5,6217.5,2003,12,2003-12-01,0.625,4.0
2001-09-27,Paris,Biscuit Nut,448.0,1792.0,672.0,1120.0,2001,9,2001-09-01,0.625,4.0
2003-08-23,Paris,Biscuit Nut,2181.0,8724.0,3271.5,5452.5,2003,8,2003-08-01,0.625,4.0
2004-06-19,Paris,Biscuit Nut,490.0,1960.0,735.0,1225.0,2004,6,2004-06-01,0.625,4.0
2004-04-14,Paris,Biscuit Nut,2441.0,9764.0,3661.5,6102.5,2004,4,2004-04-01,0.625,4.0
2000-01-27,Paris,Biscuit Nut,2522.0,10088.0,3783.0,6305.0,2000,1,2000-01-01,0.625,4.0
2001-08-17,Paris,Biscuit Nut,1790.0,7160.0,2685.0,4475.0,2001,8,2001-08-01,0.625,4.0
2003-06-03,Paris,Biscuit Nut,1174.0,4696.0,1761.0,2935.0,2003,6,2003-06-01,0.625,4.0
2005-06-19,Paris,Chocolate Chunk,2178.0,6534.0,2722.5,3811.5,2005,6,2005-06-01,0.5833333333333334,3.0
2005-06-29,Paris,Chocolate Chunk,2151.0,6453.0,2688.75,3764.25,2005,6,2005-06-01,0.5833333333333334,3.0
2004-09-21,Paris,Chocolate Chunk,787.0,2361.0,983.75,1377.25,2004,9,2004-09-01,0.5833333333333334,3.0
2002-02-27,Paris,Chocolate Chunk,1744.0,5232.0,2180.0,3052.0,2002,2,2002-02-01,0.5833333333333334,3.0
2001-01-03,Paris,Chocolate Chunk,866.0,2598.0,1082.5,1515.5,2001,1,2001-01-01,0.5833333333333334,3.0
2003-12-23,Paris,Chocolate Chunk,2177.0,6531.0,2721.25,3809.75,2003,12,2003-12-01,0.5833333333333334,3.0
2001-04-26,Paris,Chocolate Chunk,2487.0,7461.0,3108.75,4352.25,2001,4,2001-04-01,0.5833333333333334,3.0
2004-08-17,Paris,Chocolate Chunk,1739.0,5217.0,2173.75,3043.25,2004,8,2004-08-01,0.5833333333333334,3.0
2001-12-29,Paris,Chocolate Chunk,959.0,2877.0,1198.75,1678.25,2001,12,2001-12-01,0.5833333333333334,3.0
2002-11-07,Paris,Chocolate Chunk,575.0,1725.0,718.75,1006.25,2002,11,2002-11-01,0.5833333333333334,3.0
2002-11-17,Paris,Chocolate Chunk,381.0,1143.0,476.25,666.75,2002,11,2002-11-01,0.5833333333333334,3.0
2002-10-21,Paris,Chocolate Chunk,1227.0,3681.0,1533.75,2147.25,2002,10,2002-10-01,0.5833333333333334,3.0
2005-02-15,Paris,Chocolate Chunk,1734.0,5202.0,2167.5,3034.5,2005,2,2005-02-01,0.5833333333333334,3.0
2005-06-17,Paris,Chocolate Chunk,3875.0,11625.0,4843.75,6781.25,2005,6,2005-06-01,0.5833333333333334,3.0
2002-10-05,Paris,Chocolate Chunk,1491.0,4473.0,1863.75,2609.25,2002,10,2002-10-01,0.5833333333333334,3.0
2000-04-10,Paris,Chocolate Chunk,293.0,879.0,366.25,512.75,2000,4,2000-04-01,0.5833333333333334,3.0
2004-05-26,Paris,Caramel Nut,1804.0,10824.0,4961.0,5863.0,2004,5,2004-05-01,0.5416666666666666,6.0
2005-03-12,Paris,Caramel Nut,639.0,3834.0,1757.25,2076.75,2005,3,2005-03-01,0.5416666666666666,6.0
2005-07-05,Paris,Caramel Nut,3864.0,23184.0,10626.0,12558.0,2005,7,2005-07-01,0.5416666666666666,6.0
2000-04-11,Paris,Caramel Nut,1055.0,6330.0,2901.25,3428.75,2000,4,2000-04-01,0.5416666666666666,6.0
2000-02-14,Paris,Caramel Nut,2177.0,13062.0,5986.75,7075.25,2000,2,2000-02-01,0.5416666666666666,6.0
2000-11-27,Paris,Caramel Nut,1579.0,9474.0,4342.25,5131.75,2000,11,2000-11-01,0.5416666666666666,6.0
2001-04-25,Paris,Caramel Nut,1496.0,8976.0,4114.0,4862.0,2001,4,2001-04-01,0.5416666666666666,6.0
2004-01-20,Paris,Caramel Nut,1659.0,9954.0,4562.25,5391.75,2004,1,2004-01-01,0.5416666666666666,6.0
2003-07-16,Paris,Caramel Nut,1976.0,11856.0,5434.0,6422.0,2003,7,2003-07-01,0.5416666666666666,6.0
2002-08-17,Paris,Caramel Nut,1967.0,11802.0,5409.25,6392.75,2002,8,2002-08-01,0.5416666666666666,6.0
2004-07-13,Paris,Caramel Nut,639.0,3834.0,1757.25,2076.75,2004,7,2004-07-01,0.5416666666666666,6.0
2002-03-21,Paris,Caramel Nut,853.0,5118.0,2345.75,2772.25,2002,3,2002-03-01,0.5416666666666666,6.0
2002-03-17,Paris,Caramel Nut,3998.0,23988.0,10994.5,12993.5,2002,3,2002-03-01,0.5416666666666666,6.0
2003-09-24,Paris,Caramel Nut,1190.0,7140.0,3272.5,3867.5,2003,9,2003-09-01,0.5416666666666666,6.0
2005-05-29,Paris,Caramel Nut,2826.0,16956.0,7771.5,9184.5,2005,5,2005-05-01,0.5416666666666666,6.0
2001-11-12,Paris,Caramel Nut,663.0,3978.0,1823.25,2154.75,2001,11,2001-11-01,0.5416666666666666,6.0
2002-06-27,Bonn,Caramel,1006.0,5030.0,2012.0,3018.0,2002,6,2002-06-01,0.6,5.0
2001-12-01,Bonn,Caramel,367.0,1835.0,734.0,1101.0,2001,12,2001-12-01,0.6,5.0
2003-04-04,Bonn,Caramel,1513.0,7565.0,3026.0,4539.0,2003,4,2003-04-01,0.6,5.0
2004-10-31,Bonn,Caramel,747.0,3735.0,1494.0,2241.0,2004,10,2004-10-01,0.6,5.0
2002-05-01,Bonn,Caramel,1728.0,8640.0,3456.0,5184.0,2002,5,2002-05-01,0.6,5.0
2003-11-24,Bonn,Caramel,689.0,3445.0,1378.0,2067.0,2003,11,2003-11-01,0.6,5.0
2002-03-23,Bonn,Caramel,1570.0,7850.0,3140.0,4710.0,2002,3,2002-03-01,0.6,5.0
2003-03-13,Bonn,Caramel,1706.0,8530.0,3412.0,5118.0,2003,3,2003-03-01,0.6,5.0
2004-11-16,Bonn,Caramel,795.0,3975.0,1590.0,2385.0,2004,11,2004-11-01,0.6,5.0
2005-08-16,Bonn,Caramel,1415.0,7075.0,2830.0,4245.0,2005,8,2005-08-01,0.6,5.0
2004-02-26,Bonn,Caramel,1372.0,6860.0,2744.0,4116.0,2004,2,2004-02-01,0.6,5.0
2000-11-12,Bonn,Caramel,1743.0,8715.0,3486.0,5229.0,2000,11,2000-11-01,0.6,5.0
2004-01-10,Bonn,Caramel,3513.0,17565.0,7026.0,10539.0,2004,1,2004-01-01,0.6,5.0
2003-05-19,Bonn,Caramel,1259.0,6295.0,2518.0,3777.0,2003,5,2003-05-01,0.6,5.0
2004-07-01,Bonn,Caramel,1095.0,5475.0,2190.0,3285.0,2004,7,2004-07-01,0.6,5.0
2000-06-25,Bonn,Caramel,1366.0,6830.0,2732.0,4098.0,2000,6,2000-06-01,0.6,5.0
2002-09-14,Bonn,Caramel,1598.0,7990.0,3196.0,4794.0,2002,9,2002-09-01,0.6,5.0
2001-12-12,Bonn,Caramel,1934.0,9670.0,3868.0,5802.0,2001,12,2001-12-01,0.6,5.0
2005-05-13,Bonn,Caramel,360.0,1800.0,720.0,1080.0,2005,5,2005-05-01,0.6,5.0
2002-02-28,Bonn,Caramel,241.0,1205.0,482.0,723.0,2002,2,2002-02-01,0.6,5.0
2005-09-23,Bonn,Caramel,1359.0,6795.0,2718.0,4077.0,2005,9,2005-09-01,0.6,5.0
2000-08-29,Bonn,Caramel,1531.0,7655.0,3062.0,4593.0,2000,8,2000-08-01,0.6,5.0
2005-05-08,Bonn,Caramel,807.0,4035.0,1614.0,2421.0,2005,5,2005-05-01,0.6,5.0
2003-10-23,Bonn,Caramel,2708.0,13540.0,5416.0,8124.0,2003,10,2003-10-01,0.6,5.0
2000-03-02,Bonn,Caramel,357.0,1785.0,714.0,1071.0,2000,3,2000-03-01,0.6,5.0
2002-06-07,Bonn,Caramel,1013.0,5065.0,2026.0,3039.0,2002,6,2002-06-01,0.6,5.0
2005-04-06,Bonn,Caramel,278.0,1390.0,556.0,834.0,2005,4,2005-04-01,0.6,5.0
2004-05-10,Bonn,Caramel,1158.0,5790.0,2316.0,3474.0,2004,5,2004-05-01,0.6,5.0
2003-06-27,Bonn,Caramel,1085.0,5425.0,2170.0,3255.0,2003,6,2003-06-01,0.6,5.0
2005-06-30,Bonn,Caramel,1175.0,5875.0,2350.0,3525.0,2005,6,2005-06-01,0.6,5.0
2001-03-31,Bonn,Plain,921.0,921.0,184.20000000000002,736.8,2001,3,2001-03-01,0.7999999999999999,1.0
2004-01-03,Bonn,Plain,1545.0,1545.0,309.0,1236.0,2004,1,2004-01-01,0.8,1.0
2000-04-02,Bonn,Plain,2146.0,2146.0,429.20000000000005,1716.8,2000,4,2000-04-01,0.7999999999999999,1.0
2000-01-06,Bonn,Plain,1958.0,1958.0,391.6,1566.4,2000,1,2000-01-01,0.8,1.0
2001-12-23,Bonn,Plain,1706.0,1706.0,341.20000000000005,1364.8,2001,12,2001-12-01,0.7999999999999999,1.0
2003-06-23,Bonn,Plain,1859.0,1859.0,371.8,1487.2,2003,6,2003-06-01,0.8,1.0
2000-11-23,Bonn,Plain,2021.0,2021.0,404.20000000000005,1616.8,2000,11,2000-11-01,0.7999999999999999,1.0
2001-10-22,Bonn,Plain,2342.0,2342.0,468.40000000000003,1873.6,2001,10,2001-10-01,0.7999999999999999,1.0
2004-02-03,Bonn,Plain,1460.0,1460.0,292.0,1168.0,2004,2,2004-02-01,0.8,1.0
2002-12-07,Bonn,Plain,645.0,645.0,129.0,516.0,2002,12,2002-12-01,0.8,1.0
2000-10-11,Bonn,Plain,711.0,711.0,142.20000000000002,568.8,2000,10,2000-10-01,0.7999999999999999,1.0
2001-01-26,Bonn,Plain,766.0,766.0,153.20000000000002,612.8,2001,1,2001-01-01,0.7999999999999999,1.0
2004-12-31,Bonn,Plain,1199.0,1199.0,239.8,959.2,2004,12,2004-12-01,0.8,1.0
2004-10-18,Bonn,Biscuit,4220.0,21100.0,9284.0,11816.0,2004,10,2004-10-01,0.56,5.0
2001-09-18,Bonn,Biscuit,1686.0,8430.0,3709.2000000000003,4720.799999999999,2001,9,2001-09-01,0.5599999999999999,5.0
2005-02-05,Bonn,Biscuit,259.0,1295.0,569.8000000000001,725.1999999999999,2005,2,2005-02-01,0.5599999999999999,5.0
2004-02-05,Bonn,Biscuit,2276.0,11380.0,5007.200000000001,6372.799999999999,2004,2,2004-02-01,0.5599999999999999,5.0
2002-11-13,Bonn,Biscuit,1907.0,9535.0,4195.400000000001,5339.599999999999,2002,11,2002-11-01,0.5599999999999999,5.0
2002-04-16,Bonn,Biscuit,1350.0,6750.0,2970.0000000000005,3779.9999999999995,2002,4,2002-04-01,0.5599999999999999,5.0
2004-01-12,Bonn,Biscuit,1250.0,6250.0,2750.0,3500.0,2004,1,2004-01-01,0.56,5.0
2002-12-03,Bonn,Biscuit,1366.0,6830.0,3005.2000000000003,3824.7999999999997,2002,12,2002-12-01,0.5599999999999999,5.0
2003-06-25,Bonn,Biscuit,1520.0,7600.0,3344.0000000000005,4256.0,2003,6,2003-06-01,0.56,5.0
2005-10-23,Bonn,Biscuit,711.0,3555.0,1564.2,1990.8,2005,10,2005-10-01,0.5599999999999999,5.0
2000-12-29,Bonn,Biscuit,2574.0,12870.0,5662.8,7207.2,2000,12,2000-12-01,0.5599999999999999,5.0
2001-12-01,Bonn,Biscuit,472.0,2360.0,1038.4,1321.6,2001,12,2001-12-01,0.5599999999999999,5.0
2003-09-26,Bonn,Biscuit,3165.0,15825.0,6963.000000000001,8862.0,2003,9,2003-09-01,0.56,5.0
2000-08-21,Bonn,Biscuit Nut,888.0,3552.0,1332.0,2220.0,2000,8,2000-08-01,0.625,4.0
2003-03-06,Bonn,Biscuit Nut,1513.0,6052.0,2269.5,3782.5,2003,3,2003-03-01,0.625,4.0
2001-03-07,Bonn,Biscuit Nut,2580.0,10320.0,3870.0,6450.0,2001,3,2001-03-01,0.625,4.0
2000-10-22,Bonn,Biscuit Nut,689.0,2756.0,1033.5,1722.5,2000,10,2000-10-01,0.625,4.0
2002-04-24,Bonn,Biscuit Nut,2021.0,8084.0,3031.5,5052.5,2002,4,2002-04-01,0.625,4.0
2001-05-22,Bonn,Biscuit Nut,1116.0,4464.0,1674.0,2790.0,2001,5,2001-05-01,0.625,4.0
2002-11-01,Bonn,Biscuit Nut,663.0,2652.0,994.5,1657.5,2002,11,2002-11-01,0.625,4.0
2003-03-29,Bonn,Biscuit Nut,1580.0,6320.0,2370.0,3950.0,2003,3,2003-03-01,0.625,4.0
2001-02-16,Bonn,Biscuit Nut,792.0,3168.0,1188.0,1980.0,2001,2,2001-02-01,0.625,4.0
2002-06-17,Bonn,Biscuit Nut,2811.0,11244.0,4216.5,7027.5,2002,6,2002-06-01,0.625,4.0
2002-04-13,Bonn,Biscuit Nut,280.0,1120.0,420.0,700.0,2002,4,2002-04-01,0.625,4.0
2002-10-06,Bonn,Biscuit Nut,1513.0,6052.0,2269.5,3782.5,2002,10,2002-10-01,0.625,4.0
2003-03-03,Bonn,Biscuit Nut,2767.0,11068.0,4150.5,6917.5,2003,3,2003-03-01,0.625,4.0
2001-01-21,Bonn,Biscuit Nut,1085.0,4340.0,1627.5,2712.5,2001,1,2001-01-01,0.625,4.0
2002-12-07,Bonn,Chocolate Chunk,2838.0,8514.0,3547.5,4966.5,2002,12,2002-12-01,0.5833333333333334,3.0
2003-11-02,Bonn,Chocolate Chunk,888.0,2664.0,1110.0,1554.0,2003,11,2003-11-01,0.5833333333333334,3.0
2003-08-22,Bonn,Chocolate Chunk,263.0,789.0,328.75,460.25,2003,8,2003-08-01,0.5833333333333334,3.0
2003-01-05,Bonn,Chocolate Chunk,986.0,2958.0,1232.5,1725.5,2003,1,2003-01-01,0.5833333333333334,3.0
2004-12-15,Bonn,Chocolate Chunk,2877.0,8631.0,3596.25,5034.75,2004,12,2004-12-01,0.5833333333333334,3.0
2005-12-20,Bonn,Chocolate Chunk,1570.0,4710.0,1962.5,2747.5,2005,12,2005-12-01,0.5833333333333334,3.0
2005-02-09,Bonn,Chocolate Chunk,2479.0,7437.0,3098.75,4338.25,2005,2,2005-02-01,0.5833333333333334,3.0
2003-09-06,Bonn,Chocolate Chunk,2338.0,7014.0,2922.5,4091.5,2003,9,2003-09-01,0.5833333333333334,3.0
2004-06-02,Bonn,Chocolate Chunk,422.0,1266.0,527.5,738.5,2004,6,2004-06-01,0.5833333333333334,3.0
2004-08-08,Bonn,Chocolate Chunk,2659.0,7977.0,3323.75,4653.25,2004,8,2004-08-01,0.5833333333333334,3.0
2005-10-06,Bonn,Chocolate Chunk,880.0,2640.0,1100.0,1540.0,2005,10,2005-10-01,0.5833333333333334,3.0
2005-05-20,Bonn,Chocolate Chunk,360.0,1080.0,450.0,630.0,2005,5,2005-05-01,0.5833333333333334,3.0
2004-08-30,Bonn,Chocolate Chunk,1531.0,4593.0,1913.75,2679.25,2004,8,2004-08-01,0.5833333333333334,3.0
2003-03-22,Bonn,Chocolate Chunk,280.0,840.0,350.0,490.0,2003,3,2003-03-01,0.5833333333333334,3.0
2000-10-12,Bonn,Chocolate Chunk,492.0,1476.0,615.0,861.0,2000,10,2000-10-01,0.5833333333333334,3.0
2002-10-15,Bonn,Chocolate Chunk,1175.0,3525.0,1468.75,2056.25,2002,10,2002-10-01,0.5833333333333334,3.0
2002-08-11,Bonn,Chocolate Chunk,552.0,1656.0,690.0,966.0,2002,8,2002-08-01,0.5833333333333334,3.0
2000-01-31,Bonn,Caramel Nut,2161.0,12966.0,5942.75,7023.25,2000,1,2000-01-01,0.5416666666666666,6.0
2001-10-14,Bonn,Caramel Nut,1006.0,6036.0,2766.5,3269.5,2001,10,2001-10-01,0.5416666666666666,6.0
2002-12-11,Bonn,Caramel Nut,1545.0,9270.0,4248.75,5021.25,2002,12,2002-12-01,0.5416666666666666,6.0
2000-04-08,Bonn,Caramel Nut,2877.0,17262.0,7911.75,9350.25,2000,4,2000-04-01,0.5416666666666666,6.0
2000-06-22,Bonn,Caramel Nut,807.0,4842.0,2219.25,2622.75,2000,6,2000-06-01,0.5416666666666666,6.0
2000-06-20,Bonn,Caramel Nut,1250.0,7500.0,3437.5,4062.5,2000,6,2000-06-01,0.5416666666666666,6.0
2004-05-24,Bonn,Caramel Nut,1530.0,9180.0,4207.5,4972.5,2004,5,2004-05-01,0.5416666666666666,6.0
2005-07-09,Bonn,Caramel Nut,1001.0,6006.0,2752.75,3253.25,2005,7,2005-07-01,0.5416666666666666,6.0
2003-04-15,Bonn,Caramel Nut,2087.0,12522.0,5739.25,6782.75,2003,4,2003-04-01,0.5416666666666666,6.0
2002-06-29,Bonn,Caramel Nut,2338.0,14028.0,6429.5,7598.5,2002,6,2002-06-01,0.5416666666666666,6.0
2002-07-27,Bonn,Caramel Nut,1307.0,7842.0,3594.25,4247.75,2002,7,2002-07-01,0.5416666666666666,6.0
2000-06-01,Bonn,Caramel Nut,681.0,4086.0,1872.75,2213.25,2000,6,2000-06-01,0.5416666666666666,6.0
2003-05-21,Bonn,Caramel Nut,510.0,3060.0,1402.5,1657.5,2003,5,2003-05-01,0.5416666666666666,6.0
2002-03-20,Bonn,Caramel Nut,241.0,1446.0,662.75,783.25,2002,3,2002-03-01,0.5416666666666666,6.0
2005-02-06,Bonn,Caramel Nut,2665.0,15990.0,7328.75,8661.25,2005,2,2005-02-01,0.5416666666666666,6.0
2001-08-31,Bonn,Caramel Nut,472.0,2832.0,1298.0,1534.0,2001,8,2001-08-01,0.5416666666666666,6.0
2005-06-25,Bonn,Caramel Nut,1013.0,6078.0,2785.75,3292.25,2005,6,2005-06-01,0.5416666666666666,6.0
2004-01-18,Seville,Caramel,974.0,4870.0,1948.0,2922.0,2004,1,2004-01-01,0.6,5.0
2005-12-21,Seville,Caramel,883.0,4415.0,1766.0,2649.0,2005,12,2005-12-01,0.6,5.0
2004-04-03,Seville,Caramel,2472.0,12360.0,4944.0,7416.0,2004,4,2004-04-01,0.6,5.0
2004-03-29,Seville,Caramel,1823.0,9115.0,3646.0,5469.0,2004,3,2004-03-01,0.6,5.0
2000-05-02,Seville,Caramel,662.0,3310.0,1324.0,1986.0,2000,5,2000-05-01,0.6,5.0
2000-08-03,Seville,Caramel,1084.0,5420.0,2168.0,3252.0,2000,8,2000-08-01,0.6,5.0
2000-11-27,Seville,Caramel,2031.0,10155.0,4062.0,6093.0,2000,11,2000-11-01,0.6,5.0
2000-03-10,Seville,Caramel,1138.0,5690.0,2276.0,3414.0,2000,3,2000-03-01,0.6,5.0
2002-12-03,Seville,Caramel,2689.0,13445.0,5378.0,8067.0,2002,12,2002-12-01,0.6,5.0
2004-07-24,Seville,Caramel,1607.0,8035.0,3214.0,4821.0,2004,7,2004-07-01,0.6,5.0
2003-10-30,Seville,Caramel,1114.0,5570.0,2228.0,3342.0,2003,10,2003-10-01,0.6,5.0
2003-03-01,Seville,Caramel,2460.0,12300.0,4920.0,7380.0,2003,3,2003-03-01,0.6,5.0
2001-07-19,Seville,Caramel,2993.0,14965.0,5986.0,8979.0,2001,7,2001-07-01,0.6,5.0
2003-01-31,Seville,Caramel,1362.0,6810.0,2724.0,4086.0,2003,1,2003-01-01,0.6,5.0
2002-10-22,Seville,Caramel,2565.0,12825.0,5130.0,7695.0,2002,10,2002-10-01,0.6,5.0
2000-10-02,Seville,Caramel,2417.0,12085.0,4834.0,7251.0,2000,10,2000-10-01,0.6,5.0
2001-12-23,Seville,Caramel,591.0,2955.0,1182.0,1773.0,2001,12,2001-12-01,0.6,5.0
2001-10-14,Seville,Caramel,1122.0,5610.0,2244.0,3366.0,2001,10,2001-10-01,0.6,5.0
2001-09-05,Seville,Caramel,1984.0,9920.0,3968.0,5952.0,2001,9,2001-09-01,0.6,5.0
2002-03-11,Seville,Caramel,886.0,4430.0,1772.0,2658.0,2002,3,2002-03-01,0.6,5.0
2005-04-08,Seville,Caramel,2156.0,10780.0,4312.0,6468.0,2005,4,2005-04-01,0.6,5.0
2000-09-01,Seville,Caramel,905.0,4525.0,1810.0,2715.0,2000,9,2000-09-01,0.6,5.0
2005-09-07,Seville,Caramel,2150.0,10750.0,4300.0,6450.0,2005,9,2005-09-01,0.6,5.0
2002-05-10,Seville,Caramel,1197.0,5985.0,2394.0,3591.0,2002,5,2002-05-01,0.6,5.0
2003-01-09,Seville,Caramel,1233.0,6165.0,2466.0,3699.0,2003,1,2003-01-01,0.6,5.0
2004-01-12,Seville,Caramel,571.0,2855.0,1142.0,1713.0,2004,1,2004-01-01,0.6,5.0
2003-06-17,Seville,Caramel,260.0,1300.0,520.0,780.0,2003,6,2003-06-01,0.6,5.0
2005-10-24,Seville,Caramel,2535.0,12675.0,5070.0,7605.0,2005,10,2005-10-01,0.6,5.0
2001-02-10,Seville,Caramel,2851.0,14255.0,5702.0,8553.0,2001,2,2001-02-01,0.6,5.0
2005-09-06,Seville,Plain,2470.0,2470.0,494.0,1976.0,2005,9,2005-09-01,0.8,1.0
2001-05-08,Seville,Plain,958.0,958.0,191.60000000000002,766.4,2001,5,2001-05-01,0.7999999999999999,1.0
2002-09-18,Seville,Plain,2214.0,2214.0,442.8,1771.2,2002,9,2002-09-01,0.8,1.0
2001-02-20,Seville,Plain,690.0,690.0,138.0,552.0,2001,2,2001-02-01,0.8,1.0
2004-02-10,Seville,Plain,2031.0,2031.0,406.20000000000005,1624.8,2004,2,2004-02-01,0.7999999999999999,1.0
2005-12-28,Seville,Plain,1138.0,1138.0,227.60000000000002,910.4,2005,12,2005-12-01,0.7999999999999999,1.0
2002-03-23,Seville,Plain,980.0,980.0,196.0,784.0,2002,3,2002-03-01,0.8,1.0
2001-05-01,Seville,Plain,2340.0,2340.0,468.0,1872.0,2001,5,2001-05-01,0.8,1.0
2000-01-22,Seville,Plain,2157.0,2157.0,431.40000000000003,1725.6,2000,1,2000-01-01,0.7999999999999999,1.0
2002-05-07,Seville,Plain,2420.0,2420.0,484.0,1936.0,2002,5,2002-05-01,0.8,1.0
2004-04-30,Seville,Plain,2661.0,2661.0,532.2,2128.8,2004,4,2004-04-01,0.8,1.0
2000-12-17,Seville,Plain,604.0,604.0,120.80000000000001,483.2,2000,12,2000-12-01,0.7999999999999999,1.0
2005-11-19,Seville,Plain,2255.0,2255.0,451.0,1804.0,2005,11,2005-11-01,0.8,1.0
2003-12-16,Seville,Plain,546.0,546.0,109.2,436.8,2003,12,2003-12-01,0.8,1.0
2005-11-17,Seville,Plain,1368.0,1368.0,273.6,1094.4,2005,11,2005-11-01,0.8,1.0
2000-06-18,Seville,Biscuit,1101.0,5505.0,2422.2000000000003,3082.7999999999997,2000,6,2000-06-01,0.5599999999999999,5.0
2004-10-11,Seville,Biscuit,1865.0,9325.0,4103.0,5222.0,2004,10,2004-10-01,0.56,5.0
2001-05-07,Seville,Biscuit,1074.0,5370.0,2362.8,3007.2,2001,5,2001-05-01,0.5599999999999999,5.0
2003-06-17,Seville,Biscuit,1683.0,8415.0,3702.6000000000004,4712.4,2003,6,2003-06-01,0.5599999999999999,5.0
2003-04-05,Seville,Biscuit,1123.0,5615.0,2470.6000000000004,3144.3999999999996,2003,4,2003-04-01,0.5599999999999999,5.0
2003-06-26,Seville,Biscuit,1679.0,8395.0,3693.8,4701.2,2003,6,2003-06-01,0.5599999999999999,5.0
2000-12-13,Seville,Biscuit,2460.0,12300.0,5412.0,6888.0,2000,12,2000-12-01,0.56,5.0
2004-12-01,Seville,Biscuit,635.0,3175.0,1397.0,1778.0,2004,12,2004-12-01,0.56,5.0
2003-08-19,Seville,Biscuit,1694.0,8470.0,3726.8,4743.2,2003,8,2003-08-01,0.5599999999999999,5.0
2003-08-16,Seville,Biscuit,1038.0,5190.0,2283.6000000000004,2906.3999999999996,2003,8,2003-08-01,0.5599999999999999,5.0
2005-08-31,Seville,Biscuit,2039.0,10195.0,4485.8,5709.2,2005,8,2005-08-01,0.5599999999999999,5.0
2001-03-29,Seville,Biscuit,2629.0,13145.0,5783.8,7361.2,2001,3,2001-03-01,0.5599999999999999,5.0
2000-12-09,Seville,Biscuit,410.0,2050.0,902.0000000000001,1148.0,2000,12,2000-12-01,0.56,5.0
2001-06-27,Seville,Biscuit,546.0,2730.0,1201.2,1528.8,2001,6,2001-06-01,0.5599999999999999,5.0
2000-11-03,Seville,Biscuit Nut,2470.0,9880.0,3705.0,6175.0,2000,11,2000-11-01,0.625,4.0
2001-04-18,Seville,Biscuit Nut,1210.0,4840.0,1815.0,3025.0,2001,4,2001-04-01,0.625,4.0
2004-09-15,Seville,Biscuit Nut,1397.0,5588.0,2095.5,3492.5,2004,9,2004-09-01,0.625,4.0
2004-02-13,Seville,Biscuit Nut,2791.0,11164.0,4186.5,6977.5,2004,2,2004-02-01,0.625,4.0
2001-04-04,Seville,Biscuit Nut,562.0,2248.0,843.0,1405.0,2001,4,2001-04-01,0.625,4.0
2000-01-12,Seville,Biscuit Nut,727.0,2908.0,1090.5,1817.5,2000,1,2000-01-01,0.625,4.0
2005-06-23,Seville,Biscuit Nut,1540.0,6160.0,2310.0,3850.0,2005,6,2005-06-01,0.625,4.0
2003-08-25,Seville,Biscuit Nut,1362.0,5448.0,2043.0,3405.0,2003,8,2003-08-01,0.625,4.0
2002-04-24,Seville,Biscuit Nut,521.0,2084.0,781.5,1302.5,2002,4,2002-04-01,0.625,4.0
2005-11-30,Seville,Biscuit Nut,886.0,3544.0,1329.0,2215.0,2005,11,2005-11-01,0.625,4.0
2004-05-05,Seville,Biscuit Nut,2156.0,8624.0,3234.0,5390.0,2004,5,2004-05-01,0.625,4.0
2001-11-17,Seville,Biscuit Nut,2579.0,10316.0,3868.5,6447.5,2001,11,2001-11-01,0.625,4.0
2002-09-22,Seville,Biscuit Nut,801.0,3204.0,1201.5,2002.5,2002,9,2002-09-01,0.625,4.0
2002-06-12,Seville,Chocolate Chunk,1397.0,4191.0,1746.25,2444.75,2002,6,2002-06-01,0.5833333333333334,3.0
2001-12-23,Seville,Chocolate Chunk,662.0,1986.0,827.5,1158.5,2001,12,2001-12-01,0.5833333333333334,3.0
2000-05-23,Seville,Chocolate Chunk,1916.0,5748.0,2395.0,3353.0,2000,5,2000-05-01,0.5833333333333334,3.0
2002-05-23,Seville,Chocolate Chunk,1642.0,4926.0,2052.5,2873.5,2002,5,2002-05-01,0.5833333333333334,3.0
2000-12-14,Seville,Chocolate Chunk,2689.0,8067.0,3361.25,4705.75,2000,12,2000-12-01,0.5833333333333334,3.0
2002-06-11,Seville,Chocolate Chunk,1498.0,4494.0,1872.5,2621.5,2002,6,2002-06-01,0.5833333333333334,3.0
2000-05-19,Seville,Chocolate Chunk,2747.0,8241.0,3433.75,4807.25,2000,5,2000-05-01,0.5833333333333334,3.0
2004-11-18,Seville,Chocolate Chunk,877.0,2631.0,1096.25,1534.75,2004,11,2004-11-01,0.5833333333333334,3.0
2004-04-25,Seville,Chocolate Chunk,521.0,1563.0,651.25,911.75,2004,4,2004-04-01,0.5833333333333334,3.0
2002-01-07,Seville,Chocolate Chunk,341.0,1023.0,426.25,596.75,2002,1,2002-01-01,0.5833333333333334,3.0
2002-10-28,Seville,Chocolate Chunk,641.0,1923.0,801.25,1121.75,2002,10,2002-10-01,0.5833333333333334,3.0
2004-10-18,Seville,Chocolate Chunk,432.0,1296.0,540.0,756.0,2004,10,2004-10-01,0.5833333333333334,3.0
2001-12-10,Seville,Chocolate Chunk,554.0,1662.0,692.5,969.5,2001,12,2001-12-01,0.5833333333333334,3.0
2004-02-26,Seville,Chocolate Chunk,1233.0,3699.0,1541.25,2157.75,2004,2,2004-02-01,0.5833333333333334,3.0
2000-04-26,Seville,Chocolate Chunk,2903.0,8709.0,3628.75,5080.25,2000,4,2000-04-01,0.5833333333333334,3.0
2004-03-06,Seville,Caramel Nut,1493.0,8958.0,4105.75,4852.25,2004,3,2004-03-01,0.5416666666666666,6.0
2002-04-07,Seville,Caramel Nut,1084.0,6504.0,2981.0,3523.0,2002,4,2002-04-01,0.5416666666666666,6.0
2004-05-07,Seville,Caramel Nut,2861.0,17166.0,7867.75,9298.25,2004,5,2004-05-01,0.5416666666666666,6.0
2001-08-01,Seville,Caramel Nut,1498.0,8988.0,4119.5,4868.5,2001,8,2001-08-01,0.5416666666666666,6.0
2000-08-24,Seville,Caramel Nut,1333.0,7998.0,3665.75,4332.25,2000,8,2000-08-01,0.5416666666666666,6.0
2000-06-26,Seville,Caramel Nut,609.0,3654.0,1674.75,1979.25,2000,6,2000-06-01,0.5416666666666666,6.0
2005-09-07,Seville,Caramel Nut,635.0,3810.0,1746.25,2063.75,2005,9,2005-09-01,0.5416666666666666,6.0
2000-04-24,Seville,Caramel Nut,245.0,1470.0,673.75,796.25,2000,4,2000-04-01,0.5416666666666666,6.0
2001-08-21,Seville,Caramel Nut,2110.0,12660.0,5802.5,6857.5,2001,8,2001-08-01,0.5416666666666666,6.0
2005-07-30,Seville,Caramel Nut,2628.0,15768.0,7227.0,8541.0,2005,7,2005-07-01,0.5416666666666666,6.0
2005-01-04,Seville,Caramel Nut,1395.0,8370.0,3836.25,4533.75,2005,1,2005-01-01,0.5416666666666666,6.0
2000-08-09,Seville,Caramel Nut,905.0,5430.0,2488.75,2941.25,2000,8,2000-08-01,0.5416666666666666,6.0
2004-09-06,Seville,Caramel Nut,604.0,3624.0,1661.0,1963.0,2004,9,2004-09-01,0.5416666666666666,6.0
2000-05-30,Seville,Caramel Nut,410.0,2460.0,1127.5,1332.5,2000,5,2000-05-01,0.5416666666666666,6.0
2003-09-22,Seville,Caramel Nut,1575.0,9450.0,4331.25,5118.75,2003,9,2003-09-01,0.5416666666666666,6.0
2005-07-01,Seville,Caramel Nut,500.0,3000.0,1375.0,1625.0,2005,7,2005-07-01,0.5416666666666666,6.0
2004-10-05,Napoli,Caramel,1143.0,5715.0,2286.0,3429.0,2004,10,2004-10-01,0.6,5.0
2005-11-08,Napoli,Caramel,1514.0,7570.0,3028.0,4542.0,2005,11,2005-11-01,0.6,5.0
2000-12-01,Napoli,Caramel,4493.0,22465.0,8986.0,13479.0,2000,12,2000-12-01,0.6,5.0
2004-07-13,Napoli,Caramel,727.0,3635.0,1454.0,2181.0,2004,7,2004-07-01,0.6,5.0
2002-11-28,Napoli,Caramel,2905.0,14525.0,5810.0,8715.0,2002,11,2002-11-01,0.6,5.0
2002-07-28,Napoli,Caramel,1142.0,5710.0,2284.0,3426.0,2002,7,2002-07-01,0.6,5.0
2000-05-23,Napoli,Caramel,1370.0,6850.0,2740.0,4110.0,2000,5,2000-05-01,0.6,5.0
2003-12-21,Napoli,Caramel,2918.0,14590.0,5836.0,8754.0,2003,12,2003-12-01,0.6,5.0
2003-12-06,Napoli,Caramel,3450.0,17250.0,6900.0,10350.0,2003,12,2003-12-01,0.6,5.0
2003-06-12,Napoli,Caramel,1056.0,5280.0,2112.0,3168.0,2003,6,2003-06-01,0.6,5.0
2005-07-17,Napoli,Caramel,274.0,1370.0,548.0,822.0,2005,7,2005-07-01,0.6,5.0
2002-07-26,Napoli,Caramel,2992.0,14960.0,5984.0,8976.0,2002,7,2002-07-01,0.6,5.0
2001-11-08,Napoli,Caramel,2327.0,11635.0,4654.0,6981.0,2001,11,2001-11-01,0.6,5.0
2003-09-29,Napoli,Caramel,991.0,4955.0,1982.0,2973.0,2003,9,2003-09-01,0.6,5.0
2005-12-23,Napoli,Caramel,602.0,3010.0,1204.0,1806.0,2005,12,2005-12-01,0.6,5.0
2001-10-02,Napoli,Caramel,861.0,4305.0,1722.0,2583.0,2001,10,2001-10-01,0.6,5.0
2000-10-28,Napoli,Caramel,2663.0,13315.0,5326.0,7989.0,2000,10,2000-10-01,0.6,5.0
2004-08-28,Napoli,Caramel,2198.0,10990.0,4396.0,6594.0,2004,8,2004-08-01,0.6,5.0
2000-02-20,Napoli,Caramel,1153.0,5765.0,2306.0,3459.0,2000,2,2000-02-01,0.6,5.0
2000-04-07,Napoli,Caramel,678.0,3390.0,1356.0,2034.0,2000,4,2000-04-01,0.6,5.0
2000-07-07,Napoli,Caramel,3675.0,18375.0,7350.0,11025.0,2000,7,2000-07-01,0.6,5.0
2004-04-01,Napoli,Caramel,2797.0,13985.0,5594.0,8391.0,2004,4,2004-04-01,0.6,5.0
2005-06-16,Napoli,Caramel,973.0,4865.0,1946.0,2919.0,2005,6,2005-06-01,0.6,5.0
2002-04-23,Napoli,Caramel,3495.0,17475.0,6990.0,10485.0,2002,4,2002-04-01,0.6,5.0
2000-12-15,Napoli,Caramel,1439.0,7195.0,2878.0,4317.0,2000,12,2000-12-01,0.6,5.0
2002-06-23,Napoli,Caramel,2641.0,13205.0,5282.0,7923.0,2002,6,2002-06-01,0.6,5.0
2004-02-15,Napoli,Caramel,1767.0,8835.0,3534.0,5301.0,2004,2,2004-02-01,0.6,5.0
2002-03-13,Napoli,Caramel,2914.0,14570.0,5828.0,8742.0,2002,3,2002-03-01,0.6,5.0
2004-05-15,Napoli,Caramel,1177.0,5885.0,2354.0,3531.0,2004,5,2004-05-01,0.6,5.0
2001-02-17,Napoli,Caramel,914.0,4570.0,1828.0,2742.0,2001,2,2001-02-01,0.6,5.0
2000-08-02,Napoli,Plain,2301.0,2301.0,460.20000000000005,1840.8,2000,8,2000-08-01,0.7999999999999999,1.0
2001-07-27,Napoli,Plain,1142.0,1142.0,228.4,913.6,2001,7,2001-07-01,0.8,1.0
2003-09-14,Napoli,Plain,1566.0,1566.0,313.20000000000005,1252.8,2003,9,2003-09-01,0.7999999999999999,1.0
2001-08-03,Napoli,Plain,3627.0,3627.0,725.4000000000001,2901.6,2001,8,2001-08-01,0.7999999999999999,1.0
2000-12-19,Napoli,Plain,2723.0,2723.0,544.6,2178.4,2000,12,2000-12-01,0.8,1.0
2004-05-03,Napoli,Plain,1282.0,1282.0,256.40000000000003,1025.6,2004,5,2004-05-01,0.7999999999999999,1.0
2002-06-03,Napoli,Plain,2797.0,2797.0,559.4,2237.6,2002,6,2002-06-01,0.7999999999999999,1.0
2001-01-12,Napoli,Plain,2328.0,2328.0,465.6,1862.4,2001,1,2001-01-01,0.8,1.0
2005-01-03,Napoli,Plain,2313.0,2313.0,462.6,1850.4,2005,1,2005-01-01,0.8,1.0
2005-08-17,Napoli,Plain,677.0,677.0,135.4,541.6,2005,8,2005-08-01,0.8,1.0
2003-02-09,Napoli,Plain,983.0,983.0,196.60000000000002,786.4,2003,2,2003-02-01,0.7999999999999999,1.0
2005-08-20,Napoli,Plain,1298.0,1298.0,259.6,1038.4,2005,8,2005-08-01,0.8,1.0
2000-04-29,Napoli,Biscuit,1953.0,9765.0,4296.6,5468.4,2000,4,2000-04-01,0.5599999999999999,5.0
2003-06-29,Napoli,Biscuit,2141.0,10705.0,4710.200000000001,5994.799999999999,2003,6,2003-06-01,0.5599999999999999,5.0
2002-07-03,Napoli,Biscuit,1143.0,5715.0,2514.6000000000004,3200.3999999999996,2002,7,2002-07-01,0.5599999999999999,5.0
2000-10-01,Napoli,Biscuit,615.0,3075.0,1353.0,1722.0,2000,10,2000-10-01,0.56,5.0
2001-07-09,Napoli,Biscuit,1236.0,6180.0,2719.2000000000003,3460.7999999999997,2001,7,2001-07-01,0.5599999999999999,5.0
2002-05-15,Napoli,Biscuit,1372.0,6860.0,3018.4,3841.6,2002,5,2002-05-01,0.5599999999999999,5.0
2001-03-06,Napoli,Biscuit,1282.0,6410.0,2820.4,3589.6,2001,3,2001-03-01,0.5599999999999999,5.0
2001-05-11,Napoli,Biscuit,2907.0,14535.0,6395.400000000001,8139.599999999999,2001,5,2001-05-01,0.5599999999999999,5.0
2002-12-17,Napoli,Biscuit,2071.0,10355.0,4556.200000000001,5798.799999999999,2002,12,2002-12-01,0.5599999999999999,5.0
2004-02-27,Napoli,Biscuit,579.0,2895.0,1273.8000000000002,1621.1999999999998,2004,2,2004-02-01,0.5599999999999999,5.0
2005-02-01,Napoli,Biscuit,2993.0,14965.0,6584.6,8380.4,2005,2,2005-02-01,0.5599999999999999,5.0
2002-09-22,Napoli,Biscuit,3200.0,16000.0,7040.000000000001,8960.0,2002,9,2002-09-01,0.56,5.0
2001-10-03,Napoli,Biscuit,270.0,1350.0,594.0,756.0,2001,10,2001-10-01,0.56,5.0
2005-01-02,Napoli,Biscuit,2844.0,14220.0,6256.8,7963.2,2005,1,2005-01-01,0.5599999999999999,5.0
2005-05-14,Napoli,Biscuit,2914.0,14570.0,6410.8,8159.2,2005,5,2005-05-01,0.5599999999999999,5.0
2003-05-11,Napoli,Biscuit Nut,1858.0,7432.0,2787.0,4645.0,2003,5,2003-05-01,0.625,4.0
2003-11-15,Napoli,Biscuit Nut,2529.0,10116.0,3793.5,6322.5,2003,11,2003-11-01,0.625,4.0
2004-01-12,Napoli,Biscuit Nut,1947.0,7788.0,2920.5,4867.5,2004,1,2004-01-01,0.625,4.0
2004-09-12,Napoli,Biscuit Nut,274.0,1096.0,411.0,685.0,2004,9,2004-09-01,0.625,4.0
2000-06-04,Napoli,Biscuit Nut,991.0,3964.0,1486.5,2477.5,2000,6,2000-06-01,0.625,4.0
2002-02-25,Napoli,Biscuit Nut,570.0,2280.0,855.0,1425.0,2002,2,2002-02-01,0.625,4.0
2000-02-13,Napoli,Biscuit Nut,1118.0,4472.0,1677.0,2795.0,2000,2,2000-02-01,0.625,4.0
2002-02-28,Napoli,Biscuit Nut,2030.0,8120.0,3045.0,5075.0,2002,2,2002-02-01,0.625,4.0
2005-05-11,Napoli,Biscuit Nut,3446.0,13784.0,5169.0,8615.0,2005,5,2005-05-01,0.625,4.0
2005-06-09,Napoli,Biscuit Nut,2567.0,10268.0,3850.5,6417.5,2005,6,2005-06-01,0.625,4.0
2004-10-18,Napoli,Biscuit Nut,1743.0,6972.0,2614.5,4357.5,2004,10,2004-10-01,0.625,4.0
2005-04-13,Napoli,Biscuit Nut,1010.0,4040.0,1515.0,2525.0,2005,4,2005-04-01,0.625,4.0
2002-09-19,Napoli,Chocolate Chunk,727.0,2181.0,908.75,1272.25,2002,9,2002-09-01,0.5833333333333334,3.0
2000-09-18,Napoli,Chocolate Chunk,2844.0,8532.0,3555.0,4977.0,2000,9,2000-09-01,0.5833333333333334,3.0
2001-07-14,Napoli,Chocolate Chunk,2663.0,7989.0,3328.75,4660.25,2001,7,2001-07-01,0.5833333333333334,3.0
2003-10-18,Napoli,Chocolate Chunk,570.0,1710.0,712.5,997.5,2003,10,2003-10-01,0.5833333333333334,3.0
2004-04-02,Napoli,Chocolate Chunk,1153.0,3459.0,1441.25,2017.75,2004,4,2004-04-01,0.5833333333333334,3.0
2000-07-14,Napoli,Chocolate Chunk,437.0,1311.0,546.25,764.75,2000,7,2000-07-01,0.5833333333333334,3.0
2004-05-18,Napoli,Chocolate Chunk,1956.0,5868.0,2445.0,3423.0,2004,5,2004-05-01,0.5833333333333334,3.0
2002-03-29,Napoli,Chocolate Chunk,1352.0,4056.0,1690.0,2366.0,2002,3,2002-03-01,0.5833333333333334,3.0
2005-04-08,Napoli,Chocolate Chunk,1867.0,5601.0,2333.75,3267.25,2005,4,2005-04-01,0.5833333333333334,3.0
2001-08-30,Napoli,Chocolate Chunk,2807.0,8421.0,3508.75,4912.25,2001,8,2001-08-01,0.5833333333333334,3.0
2004-02-11,Napoli,Chocolate Chunk,1579.0,4737.0,1973.75,2763.25,2004,2,2004-02-01,0.5833333333333334,3.0
2001-08-01,Napoli,Chocolate Chunk,986.0,2958.0,1232.5,1725.5,2001,8,2001-08-01,0.5833333333333334,3.0
2001-10-30,Napoli,Chocolate Chunk,2387.0,7161.0,2983.75,4177.25,2001,10,2001-10-01,0.5833333333333334,3.0
2003-11-18,Napoli,Chocolate Chunk,2567.0,7701.0,3208.75,4492.25,2003,11,2003-11-01,0.5833333333333334,3.0
2004-06-26,Napoli,Chocolate Chunk,2541.0,7623.0,3176.25,4446.75,2004,6,2004-06-01,0.5833333333333334,3.0
2004-04-04,Napoli,Chocolate Chunk,1010.0,3030.0,1262.5,1767.5,2004,4,2004-04-01,0.5833333333333334,3.0
2000-02-17,Napoli,Chocolate Chunk,1806.0,5418.0,2257.5,3160.5,2000,2,2000-02-01,0.5833333333333334,3.0
2000-07-01,Napoli,Caramel Nut,2821.0,16926.0,7757.75,9168.25,2000,7,2000-07-01,0.5416666666666666,6.0
2004-11-06,Napoli,Caramel Nut,1566.0,9396.0,4306.5,5089.5,2004,11,2004-11-01,0.5416666666666666,6.0
2001-07-01,Napoli,Caramel Nut,1465.0,8790.0,4028.75,4761.25,2001,7,2001-07-01,0.5416666666666666,6.0
2002-08-16,Napoli,Caramel Nut,555.0,3330.0,1526.25,1803.75,2002,8,2002-08-01,0.5416666666666666,6.0
2004-03-27,Napoli,Caramel Nut,602.0,3612.0,1655.5,1956.5,2004,3,2004-03-01,0.5416666666666666,6.0
2000-04-22,Napoli,Caramel Nut,2832.0,16992.0,7788.0,9204.0,2000,4,2000-04-01,0.5416666666666666,6.0
2004-03-28,Napoli,Caramel Nut,861.0,5166.0,2367.75,2798.25,2004,3,2004-03-01,0.5416666666666666,6.0
2000-01-06,Napoli,Caramel Nut,2755.0,16530.0,7576.25,8953.75,2000,1,2000-01-01,0.5416666666666666,6.0
2002-07-23,Napoli,Caramel Nut,547.0,3282.0,1504.25,1777.75,2002,7,2002-07-01,0.5416666666666666,6.0
2001-12-02,Napoli,Caramel Nut,1372.0,8232.0,3773.0,4459.0,2001,12,2001-12-01,0.5416666666666666,6.0
2005-03-10,Napoli,Caramel Nut,2907.0,17442.0,7994.25,9447.75,2005,3,2005-03-01,0.5416666666666666,6.0
2005-08-31,Napoli,Caramel Nut,1596.0,9576.0,4389.0,5187.0,2005,8,2005-08-01,0.5416666666666666,6.0
2001-09-12,Napoli,Caramel Nut,986.0,5916.0,2711.5,3204.5,2001,9,2001-09-01,0.5416666666666666,6.0
2004-02-28,Napoli,Caramel Nut,606.0,3636.0,1666.5,1969.5,2004,2,2004-02-01,0.5416666666666666,6.0
2000-07-24,Napoli,Caramel Nut,2460.0,14760.0,6765.0,7995.0,2000,7,2000-07-01,0.5416666666666666,6.0
2003-05-21,Napoli,Caramel Nut,914.0,5484.0,2513.5,2970.5,2003,5,2003-05-01,0.5416666666666666,6.0
